id,title,filtered_words_str,label
R129,New Report on Election,audience common billion mission. air trip consumer item land. former scientist important nation provide reason thank. experts discuss ongoing developments election.,REAL
R227,New Report on Climate Change,control lead leader far plan push interesting. discussion common benefit strategy. claim follow create yes something fear your. experts discuss ongoing developments climate change.,REAL
F231,Aliens Confirmed by Sources,policy trip late pull. animal past figure lot. — shocking claims aliens surface internet.,FAKE
R066,New Report on Policy,long anyone career family society court. road second leader east peace during. human letter two moment whom. experts discuss ongoing developments policy.,REAL
F095,Mind Control Confirmed by Sources,teacher rest defense realize many. today writer coach surface enjoy military its. — shocking claims mind control surface internet.,FAKE
R174,New Report on Policy,five run detail industry mouth. situation walk central production. push window skill husband dog. born reality art place seem democrat describe. experts discuss ongoing developments policy.,REAL
R201,New Report on Public Health,learn seven political. camera husband west long particularly. experts discuss ongoing developments public health.,REAL
R072,New Report on Education,expert like control past lose brother suddenly. executive program certainly. source leg recognize election share staff population behind. experts discuss ongoing developments education.,REAL
R064,New Report on Research,age head add face owner week. fear something chance. rock fish go give. experts discuss ongoing developments research.,REAL
F037,Miracle Drug Confirmed by Sources,entire theory must behavior detail. design fly charge able. — shocking claims miracle drug surface internet.,FAKE
R170,New Report on Technology Breakthrough,develop dream role military seven. different thing. argue amount hot today end. painting practice push consider number able pay oil. experts discuss ongoing developments technology breakthrough.,REAL
F110,Celebrity Scandal Confirmed by Sources,situation bed affect road. field lose threat sometimes dinner. although field employee relationship size bed. third read choice. — shocking claims celebrity scandal surface internet.,FAKE
F048,Secret Cure Confirmed by Sources,well already coach. bar next establish purpose wonder. — shocking claims secret cure surface internet.,FAKE
F082,Hoax Confirmed by Sources,end appear get about. agency training seven culture. — shocking claims hoax surface internet.,FAKE
F187,Miracle Drug Confirmed by Sources,make interesting occur republican. financial care past four when. — shocking claims miracle drug surface internet.,FAKE
F027,Miracle Drug Confirmed by Sources,enjoy health. wall technology ball foreign friend ball smile. — shocking claims miracle drug surface internet.,FAKE
F202,Hoax Confirmed by Sources,machine item away stage human worry could. certainly protect last half time according ask. — shocking claims hoax surface internet.,FAKE
F197,Secret Cure Confirmed by Sources,risk half inside certain. mind media pick nice give know break. drive require step cover safe break. — shocking claims secret cure surface internet.,FAKE
R128,New Report on Climate Change,two record lawyer material full may. peace three goal guess firm work mission. rule maybe wind each. avoid approach upon. experts discuss ongoing developments climate change.,REAL
F157,Government Cover-Up Confirmed by Sources,cut little attack result health letter. personal reason live development. — shocking claims government cover-up surface internet.,FAKE
F117,Hoax Confirmed by Sources,benefit step serious decide try into. — shocking claims hoax surface internet.,FAKE
F173,Secret Cure Confirmed by Sources,include remember short list likely. reflect another question. democrat great environment hard adult social country. — shocking claims secret cure surface internet.,FAKE
F024,Aliens Confirmed by Sources,challenge drop himself. left religious crime hope away than. — shocking claims aliens surface internet.,FAKE
F096,Celebrity Scandal Confirmed by Sources,care movie memory. resource five range us. alone south dark government let memory interest out. offer financial tax significant total home write. — shocking claims celebrity scandal surface internet.,FAKE
R247,New Report on Public Health,add social type benefit morning inside. environmental tax director ready range. experts discuss ongoing developments public health.,REAL
F226,Government Cover-Up Confirmed by Sources,clearly sell fish wall medical audience. deep catch goal moment. line foreign marriage rule. — shocking claims government cover-up surface internet.,FAKE
F100,Flat Earth Confirmed by Sources,family brother take million. none clear. difference wrong management situation. — shocking claims flat earth surface internet.,FAKE
F246,Government Cover-Up Confirmed by Sources,alone else top change visit wear management reality. election security free best entire heavy face. — shocking claims government cover-up surface internet.,FAKE
F183,Aliens Confirmed by Sources,authority anyone bed mr hope sing seek. budget office imagine. open outside green suffer energy. — shocking claims aliens surface internet.,FAKE
R063,New Report on Policy,door high field situation fear wrong. nice wife nothing beautiful bank attorney scene. experts discuss ongoing developments policy.,REAL
R005,New Report on Election,manager majority idea project candidate store. enough far particular live avoid citizen money. ago girl impact job world join. experts discuss ongoing developments election.,REAL
R084,New Report on Election,likely especially maintain list pass. seat enjoy value contain drug must. discover available tv big clearly difference clear. experts discuss ongoing developments election.,REAL
R124,New Report on Education,per generation offer little down. street forget book reality. site coach space make. experts discuss ongoing developments education.,REAL
R118,New Report on Research,fly image science treatment response different. experts discuss ongoing developments research.,REAL
F001,Aliens Confirmed by Sources,call around school laugh local fear report. — shocking claims aliens surface internet.,FAKE
F007,Immortal Jellyfish Confirmed by Sources,entire trade guess. sound cut age. — shocking claims immortal jellyfish surface internet.,FAKE
F046,Mind Control Confirmed by Sources,word picture owner impact foot together lay. reduce mention decide poor animal especially player. state provide hospital stage simple suffer small. — shocking claims mind control surface internet.,FAKE
R103,New Report on Research,amount technology nice agreement. bed conference simply investment ten ground. cut tv region. experts discuss ongoing developments research.,REAL
R037,New Report on Budget Report,oil large control better process. often save real run kid series. experts discuss ongoing developments budget report.,REAL
F193,Secret Cure Confirmed by Sources,beautiful star bed media ok table. election piece letter across box. — shocking claims secret cure surface internet.,FAKE
R166,New Report on Election,run meet heart style box writer pick beautiful. early left program. morning group treatment beyond occur affect worker today. experts discuss ongoing developments election.,REAL
F017,Immortal Jellyfish Confirmed by Sources,candidate million security man decide interest. become five toward. — shocking claims immortal jellyfish surface internet.,FAKE
R008,New Report on Economic Growth,foreign note instead ago news. much property street rather thank yard. hard movie recognize effort involve mouth. number ten subject season must wind cup. experts discuss ongoing developments economic growth.,REAL
F071,Celebrity Scandal Confirmed by Sources,election able option investment interesting. fire organization mother rate least. hair education language bag last. partner property focus summer teacher. — shocking claims celebrity scandal surface internet.,FAKE
F028,Mind Control Confirmed by Sources,several information professional. certainly tax top arrive claim condition our. — shocking claims mind control surface internet.,FAKE
F227,Immortal Jellyfish Confirmed by Sources,gas several after. attack size approach suggest. — shocking claims immortal jellyfish surface internet.,FAKE
R200,New Report on Public Health,throughout analysis tend ago nice. political listen benefit civil high question. health best fire. experts discuss ongoing developments public health.,REAL
R225,New Report on Climate Change,fire hear million nature affect interview. hit professor employee land. support process page happen century rate. religious soon able receive miss real. experts discuss ongoing developments climate change.,REAL
R062,New Report on Budget Report,mrs fact either. executive sometimes write coach threat season expect agreement. true happen generation. experts discuss ongoing developments budget report.,REAL
F033,Hoax Confirmed by Sources,staff something case assume. — shocking claims hoax surface internet.,FAKE
F012,Hoax Confirmed by Sources,gas art rather pm themselves. everyone record represent single local sort anything. — shocking claims hoax surface internet.,FAKE
R121,New Report on Research,still involve staff statement. view among star wrong include individual. decide claim boy fly. experts discuss ongoing developments research.,REAL
F210,Aliens Confirmed by Sources,site ago. — shocking claims aliens surface internet.,FAKE
F151,Hoax Confirmed by Sources,bit cut shake. mr citizen item cell. — shocking claims hoax surface internet.,FAKE
F099,Secret Cure Confirmed by Sources,company activity top seat. see pick final pretty. tax wide benefit scientist half make. — shocking claims secret cure surface internet.,FAKE
R090,New Report on Technology Breakthrough,risk choose seven range. politics station lawyer building. dark spring station suddenly help despite student live. fill consider right role. experts discuss ongoing developments technology breakthrough.,REAL
R125,New Report on Budget Report,never long sign understand hard usually. age machine night major doctor mother. experts discuss ongoing developments budget report.,REAL
R091,New Report on Climate Change,city seek soldier relate next that. toward perhaps leader. road dark economic cultural. experts discuss ongoing developments climate change.,REAL
R157,New Report on Climate Change,reduce bed win affect. name point degree beyond base politics each. experts discuss ongoing developments climate change.,REAL
F098,Miracle Drug Confirmed by Sources,response western police yes moment. — shocking claims miracle drug surface internet.,FAKE
F164,Immortal Jellyfish Confirmed by Sources,give pretty condition despite network arm keep. woman culture. modern drop system finally article responsibility court. — shocking claims immortal jellyfish surface internet.,FAKE
R050,New Report on Economic Growth,computer action theory summer. good perhaps appear sister ask tough house. experts discuss ongoing developments economic growth.,REAL
R249,New Report on Climate Change,order city. ahead build garden bed hit draw some. spend alone everyone energy reality. property book talk people theory within indicate. experts discuss ongoing developments climate change.,REAL
R093,New Report on Election,course natural development life sort show. clear without feeling. girl quality owner attorney face. experts discuss ongoing developments election.,REAL
R131,New Report on Education,order experience head policy alone opportunity majority. price say rise system degree hair budget rate. rest help brother. experts discuss ongoing developments education.,REAL
F107,Flat Earth Confirmed by Sources,cost us agent need treat throughout person. truth nation money apply mrs today system carry. public create born like such. — shocking claims flat earth surface internet.,FAKE
F153,Hoax Confirmed by Sources,personal blood pay drop six factor thank. deal right someone. — shocking claims hoax surface internet.,FAKE
F091,Flat Earth Confirmed by Sources,area often. situation good. — shocking claims flat earth surface internet.,FAKE
R246,New Report on Economic Growth,probably front seem. suggest nature town number girl sort factor. experts discuss ongoing developments economic growth.,REAL
F004,Secret Cure Confirmed by Sources,politics effect nothing speak likely leader popular. forward artist word purpose reduce. somebody place possible assume concern. — shocking claims secret cure surface internet.,FAKE
F220,Celebrity Scandal Confirmed by Sources,sing foreign future process. action network exist mind major. — shocking claims celebrity scandal surface internet.,FAKE
F121,Hoax Confirmed by Sources,peace leader pattern affect prevent them. model party capital attack give. particularly determine dinner. — shocking claims hoax surface internet.,FAKE
F245,Mind Control Confirmed by Sources,foreign free task collection. life goal kid despite skin itself. chance coach partner mean society. — shocking claims mind control surface internet.,FAKE
R035,New Report on Climate Change,news task position. believe situation treat may tv organization. experts discuss ongoing developments climate change.,REAL
R024,New Report on Education,rise thank current argue side spend. available clear read several everything best. experts discuss ongoing developments education.,REAL
F079,Miracle Drug Confirmed by Sources,company room well pass order take. cover deep citizen debate truth hair worry. upon win small pay. — shocking claims miracle drug surface internet.,FAKE
R094,New Report on Policy,though field others office old region. congress behavior home send cold focus mrs. son thus stock republican white. experts discuss ongoing developments policy.,REAL
R040,New Report on Policy,practice according forget state loss. street question increase without than. experts discuss ongoing developments policy.,REAL
F170,Immortal Jellyfish Confirmed by Sources,provide reach scientist knowledge loss tonight certainly. difference fill relate one partner party page. child expect star. — shocking claims immortal jellyfish surface internet.,FAKE
F130,Immortal Jellyfish Confirmed by Sources,result century say coach. rather together stop cup. commercial audience explain agent bad. — shocking claims immortal jellyfish surface internet.,FAKE
R085,New Report on Economic Growth,manager thousand newspaper interview. hand girl right. practice explain discussion certain against. miss audience entire material. experts discuss ongoing developments economic growth.,REAL
R054,New Report on Budget Report,threat popular network follow husband. success recent sister last word. experts discuss ongoing developments budget report.,REAL
R047,New Report on Technology Breakthrough,agency decide special civil well. important generation dark physical result world. local year piece notice. experts discuss ongoing developments technology breakthrough.,REAL
R199,New Report on Economic Growth,chance without particularly animal cost ok. natural share student keep number television. charge probably whether follow never source. experts discuss ongoing developments economic growth.,REAL
F062,Miracle Drug Confirmed by Sources,thing memory voice local doctor network. former paper success act. — shocking claims miracle drug surface internet.,FAKE
R244,New Report on Technology Breakthrough,man late agree soon catch. war course election student listen force watch maintain. list turn pass sea. owner table particularly try challenge. experts discuss ongoing developments technology breakthrough.,REAL
R107,New Report on Election,support today attack early task mention forget. experts discuss ongoing developments election.,REAL
F148,Aliens Confirmed by Sources,form finish hotel clearly return according. else citizen person firm. — shocking claims aliens surface internet.,FAKE
F023,Mind Control Confirmed by Sources,arrive relationship fear conference fill. behind fill good gas control. moment minute fall goal someone. — shocking claims mind control surface internet.,FAKE
R075,New Report on Budget Report,two however great good. hope prove choice sometimes. experts discuss ongoing developments budget report.,REAL
R220,New Report on Public Health,improve final tv foot. price billion manage under. hospital find force past letter eat. experts discuss ongoing developments public health.,REAL
R099,New Report on Economic Growth,show senior rate able. author important parent federal fear become. agency management party staff employee old street. experts discuss ongoing developments economic growth.,REAL
F066,Flat Earth Confirmed by Sources,bad protect process. product leader board news. end network take. — shocking claims flat earth surface internet.,FAKE
F060,Flat Earth Confirmed by Sources,music run truth recent third. consumer city red community put. — shocking claims flat earth surface internet.,FAKE
F022,Government Cover-Up Confirmed by Sources,month tax program. beautiful work current message toward. end analysis whether employee consumer. — shocking claims government cover-up surface internet.,FAKE
F127,Mind Control Confirmed by Sources,catch response help medical. perform similar short father thank. show director population character. — shocking claims mind control surface internet.,FAKE
R212,New Report on Education,place community art generation goal walk new. good mention single industry kitchen. experts discuss ongoing developments education.,REAL
F119,Mind Control Confirmed by Sources,view none single. certainly letter movement foreign. size prepare order. — shocking claims mind control surface internet.,FAKE
F103,Hoax Confirmed by Sources,try government control morning air suffer. west power know economic discuss serve. — shocking claims hoax surface internet.,FAKE
F191,Mind Control Confirmed by Sources,late bank research think various. — shocking claims mind control surface internet.,FAKE
F002,Mind Control Confirmed by Sources,culture walk vote generation. mother store idea others. usually town pull participant near and. — shocking claims mind control surface internet.,FAKE
R155,New Report on Election,eat among defense food pull. tell car always. experts discuss ongoing developments election.,REAL
R006,New Report on Technology Breakthrough,public car skill class. site middle tv similar couple tv light. back appear school common town control likely. experts discuss ongoing developments technology breakthrough.,REAL
F086,Government Cover-Up Confirmed by Sources,cover agency ground face republican design social. magazine history decade us serious light. — shocking claims government cover-up surface internet.,FAKE
R168,New Report on Election,little back special benefit. accept student style party door leg style. none institution item forget four. experts discuss ongoing developments election.,REAL
R077,New Report on Public Health,town responsibility need near real try. sit sit design. among prevent indeed especially market push. experts discuss ongoing developments public health.,REAL
F209,Hoax Confirmed by Sources,weight goal series evidence culture base. thank almost exist process. — shocking claims hoax surface internet.,FAKE
R236,New Report on Public Health,radio main ok sign may sea. say city he. even cost economic quality treatment shoulder. experts discuss ongoing developments public health.,REAL
F186,Aliens Confirmed by Sources,color international practice per international born. job training fine threat. charge six data already four thousand. — shocking claims aliens surface internet.,FAKE
R243,New Report on Public Health,order everyone yes race approach improve. fine put should. experts discuss ongoing developments public health.,REAL
F094,Immortal Jellyfish Confirmed by Sources,suddenly everyone need according dog. science trouble believe message. thus tough plant although window experience positive. — shocking claims immortal jellyfish surface internet.,FAKE
R032,New Report on Economic Growth,ask poor radio issue expect citizen. measure stage tell. experts discuss ongoing developments economic growth.,REAL
R033,New Report on Education,art develop policy suffer society. mouth young black performance force product time. experts discuss ongoing developments education.,REAL
R045,New Report on Technology Breakthrough,spend either suffer data. go sport yard still within expert. experts discuss ongoing developments technology breakthrough.,REAL
R116,New Report on Education,mean shake listen heart across beat. image response. rule side join listen even. tend factor future hand until. experts discuss ongoing developments education.,REAL
F056,Celebrity Scandal Confirmed by Sources,three poor ahead price nothing term. agent sound state use. whatever child dream political bad section. — shocking claims celebrity scandal surface internet.,FAKE
R043,New Report on Policy,role someone consider environment discussion. need occur condition herself. experts discuss ongoing developments policy.,REAL
R145,New Report on Economic Growth,feel lay modern stay improve yard can. story head debate note. sell person. experts discuss ongoing developments economic growth.,REAL
F200,Secret Cure Confirmed by Sources,cell accept sense act participant team fall. option move total probably. — shocking claims secret cure surface internet.,FAKE
F034,Celebrity Scandal Confirmed by Sources,generation miss take quality physical hotel behavior wish. future hospital guess expect everybody challenge no. outside positive deal town. — shocking claims celebrity scandal surface internet.,FAKE
F149,Secret Cure Confirmed by Sources,region particular win either western natural. war nation make series food determine. report cost statement deal. — shocking claims secret cure surface internet.,FAKE
F051,Secret Cure Confirmed by Sources,result growth likely lawyer. especially start enjoy size. fund kid report. — shocking claims secret cure surface internet.,FAKE
F089,Flat Earth Confirmed by Sources,staff teach middle. work energy add indeed man religious. reveal night western land. — shocking claims flat earth surface internet.,FAKE
F135,Flat Earth Confirmed by Sources,common six risk gas doctor. walk dream letter develop. — shocking claims flat earth surface internet.,FAKE
F088,Government Cover-Up Confirmed by Sources,keep operation not. choose local play popular data. west remain ball minute wish feeling black. — shocking claims government cover-up surface internet.,FAKE
R010,New Report on Election,house federal seek despite water mrs hospital. animal save agreement site. experts discuss ongoing developments election.,REAL
R211,New Report on Policy,military call sure school get opportunity choose. training next executive eye. experts discuss ongoing developments policy.,REAL
F204,Miracle Drug Confirmed by Sources,enter enjoy amount structure field. inside research stand participant chair network discussion. eye common begin military staff dark. — shocking claims miracle drug surface internet.,FAKE
F168,Miracle Drug Confirmed by Sources,rest air face court increase else put. reflect particularly laugh space assume course provide. — shocking claims miracle drug surface internet.,FAKE
R011,New Report on Public Health,trade site american. thought yet live today. serve always respond court usually usually security. experts discuss ongoing developments public health.,REAL
R232,New Report on Climate Change,protect risk skin. beautiful enter view teacher beautiful. five brother meeting strong want executive. experts discuss ongoing developments climate change.,REAL
R042,New Report on Public Health,among important something reason sign mouth arm. range get though theory relationship drug mean. experts discuss ongoing developments public health.,REAL
F182,Hoax Confirmed by Sources,cold notice floor community exactly finish. admit large theory attack nation receive. town economic officer analysis economic. discuss let order million identify. — shocking claims hoax surface internet.,FAKE
F036,Miracle Drug Confirmed by Sources,air care each. character reach physical positive however. — shocking claims miracle drug surface internet.,FAKE
F068,Secret Cure Confirmed by Sources,guy wish energy voice century. series might firm may speech. — shocking claims secret cure surface internet.,FAKE
R015,New Report on Election,left sport spring pressure modern decide conference. experts discuss ongoing developments election.,REAL
R147,New Report on Climate Change,establish indeed lead political. course traditional back. mrs girl fish tend create. experts discuss ongoing developments climate change.,REAL
F198,Government Cover-Up Confirmed by Sources,lay bill unit build. probably later plan pull image. market prove trial soon interest consumer list hundred. — shocking claims government cover-up surface internet.,FAKE
R081,New Report on Climate Change,candidate tonight pretty sing. expert interview fund. child doctor station spring adult beat. experts discuss ongoing developments climate change.,REAL
F050,Aliens Confirmed by Sources,art network administration question spend particularly. pick toward main. — shocking claims aliens surface internet.,FAKE
F162,Celebrity Scandal Confirmed by Sources,travel note stuff black say. — shocking claims celebrity scandal surface internet.,FAKE
R028,New Report on Technology Breakthrough,buy model everybody quality light edge. draw present that. experts discuss ongoing developments technology breakthrough.,REAL
R195,New Report on Budget Report,food challenge understand gun. career set sign relate choose decide. experts discuss ongoing developments budget report.,REAL
F116,Aliens Confirmed by Sources,speech future finally court investment case past possible. majority office worker father ask. — shocking claims aliens surface internet.,FAKE
R018,New Report on Research,manager write play notice. democrat live leg shoulder treatment person. experts discuss ongoing developments research.,REAL
F073,Immortal Jellyfish Confirmed by Sources,ever claim wonder least recent. — shocking claims immortal jellyfish surface internet.,FAKE
F059,Miracle Drug Confirmed by Sources,everybody feeling short next matter. — shocking claims miracle drug surface internet.,FAKE
R078,New Report on Budget Report,knowledge glass way feel me. growth citizen production wife represent last trade. hundred wonder might father describe behind shoulder. experts discuss ongoing developments budget report.,REAL
F216,Secret Cure Confirmed by Sources,part create movie increase. sit watch system son. — shocking claims secret cure surface internet.,FAKE
F206,Celebrity Scandal Confirmed by Sources,end blood walk think data manage. card purpose late finish home remember nature. — shocking claims celebrity scandal surface internet.,FAKE
R036,New Report on Research,sport buy nation join live. pm movement cost. four wife manage story move really mouth. experts discuss ongoing developments research.,REAL
F104,Aliens Confirmed by Sources,wide reflect eight grow center. employee describe money serve left. — shocking claims aliens surface internet.,FAKE
F000,Hoax Confirmed by Sources,player low move care. film without evidence. — shocking claims hoax surface internet.,FAKE
R136,New Report on Education,natural never nature pm. experts discuss ongoing developments education.,REAL
F019,Immortal Jellyfish Confirmed by Sources,rise dream mention state fear food. close role mother see society drive. — shocking claims immortal jellyfish surface internet.,FAKE
R012,New Report on Technology Breakthrough,method many stay those. five able poor nearly low. experts discuss ongoing developments technology breakthrough.,REAL
R052,New Report on Education,single figure soldier international heart letter crime. fish around item receive senior. experts discuss ongoing developments education.,REAL
R123,New Report on Climate Change,focus site he. surface floor challenge agree need sense red. experts discuss ongoing developments climate change.,REAL
F040,Government Cover-Up Confirmed by Sources,allow peace company. run notice somebody though. mention pay begin. — shocking claims government cover-up surface internet.,FAKE
R160,New Report on Climate Change,sound condition final. large challenge area. dog foot environmental. experts discuss ongoing developments climate change.,REAL
F067,Immortal Jellyfish Confirmed by Sources,good side minute plant find animal factor. available benefit which. yet center drop life medical game them. — shocking claims immortal jellyfish surface internet.,FAKE
R069,New Report on Research,risk friend course pick. step speech admit. experts discuss ongoing developments research.,REAL
F160,Mind Control Confirmed by Sources,rather away investment religious seek light stock. somebody raise raise value several fly fill stay. room agreement news provide. — shocking claims mind control surface internet.,FAKE
F053,Hoax Confirmed by Sources,yes similar street. address relate well better. rise agreement work yeah represent. — shocking claims hoax surface internet.,FAKE
R074,New Report on Education,authority store yet meet. figure want single whatever low near because. talk film student. law million throughout yes. experts discuss ongoing developments education.,REAL
R007,New Report on Election,prepare pretty actually help. seem sport despite according newspaper. experts discuss ongoing developments election.,REAL
R119,New Report on Climate Change,next apply difficult control. issue energy trip. region discuss rich. experts discuss ongoing developments climate change.,REAL
R087,New Report on Budget Report,describe stand soon high cost certainly build. action purpose wide trial. kitchen bed american pick operation very. experts discuss ongoing developments budget report.,REAL
F145,Miracle Drug Confirmed by Sources,plan create cell within mission. standard example cultural interesting contain language. moment available success move world collection issue. — shocking claims miracle drug surface internet.,FAKE
R065,New Report on Budget Report,child enter nice. half trade family evidence ahead affect occur. experts discuss ongoing developments budget report.,REAL
R208,New Report on Budget Report,area raise necessary million military fly. picture account meet tax. argue every together sense lawyer wall. experts discuss ongoing developments budget report.,REAL
R048,New Report on Budget Report,state crime ask skill want spend body. use last practice weight. middle blood number movement. experts discuss ongoing developments budget report.,REAL
F076,Aliens Confirmed by Sources,matter simply character effort quite kitchen. structure history star. — shocking claims aliens surface internet.,FAKE
R019,New Report on Policy,enter visit information moment. experts discuss ongoing developments policy.,REAL
F115,Immortal Jellyfish Confirmed by Sources,national anything yard live and. page successful. individual ok part black member loss health rate. — shocking claims immortal jellyfish surface internet.,FAKE
R031,New Report on Education,time local suddenly move. physical among idea color. experts discuss ongoing developments education.,REAL
R190,New Report on Research,eye miss thousand good hospital none top. similar state machine. place audience nothing mind care time travel. experts discuss ongoing developments research.,REAL
F057,Mind Control Confirmed by Sources,current learn leave. executive end within investment feel police. — shocking claims mind control surface internet.,FAKE
F158,Immortal Jellyfish Confirmed by Sources,question quite smile. ready research. — shocking claims immortal jellyfish surface internet.,FAKE
F234,Flat Earth Confirmed by Sources,owner surface book present turn. true oil country record. probably character event stop. — shocking claims flat earth surface internet.,FAKE
F155,Flat Earth Confirmed by Sources,newspaper travel never sometimes tend guess market. exactly federal course measure young day interview. four leader gun enter. — shocking claims flat earth surface internet.,FAKE
F106,Flat Earth Confirmed by Sources,century five pass mind. growth answer beautiful. pull quickly throw bag tough. — shocking claims flat earth surface internet.,FAKE
R051,New Report on Policy,simply yes lay really. since agent suggest dream follow husband born. international future letter seven minute keep. fire high ok how. experts discuss ongoing developments policy.,REAL
R203,New Report on Education,situation say green nature program like either. experts discuss ongoing developments education.,REAL
F063,Secret Cure Confirmed by Sources,ready threat modern mother very. seem. — shocking claims secret cure surface internet.,FAKE
R080,New Report on Policy,bring pretty describe relationship control. time reflect method network window. material black hot. experts discuss ongoing developments policy.,REAL
R226,New Report on Public Health,sister society something foreign majority air record. center address door because. program various cup commercial film reality finish. experts discuss ongoing developments public health.,REAL
F144,Hoax Confirmed by Sources,hot argue back relationship radio impact. nature hit size follow become source democrat. character worry figure. — shocking claims hoax surface internet.,FAKE
F241,Flat Earth Confirmed by Sources,win recently upon whatever face. minute civil right choose feeling study. — shocking claims flat earth surface internet.,FAKE
R150,New Report on Election,interview walk amount mission worry food. media say everyone article ball put those. experts discuss ongoing developments election.,REAL
R153,New Report on Research,according eat reflect actually accept. within series clearly explain human western land. experts discuss ongoing developments research.,REAL
F175,Hoax Confirmed by Sources,pretty pm nor. — shocking claims hoax surface internet.,FAKE
F161,Immortal Jellyfish Confirmed by Sources,process manager small machine hit newspaper deep. glass similar. expect democrat yard stand manager others we. — shocking claims immortal jellyfish surface internet.,FAKE
F147,Secret Cure Confirmed by Sources,lawyer item talk image evening network. turn ago begin since thing consider cultural. bag tell situation space. — shocking claims secret cure surface internet.,FAKE
F018,Secret Cure Confirmed by Sources,green anyone mrs above. spring section wall once. — shocking claims secret cure surface internet.,FAKE
F211,Celebrity Scandal Confirmed by Sources,capital cell toward enough enough. form model. — shocking claims celebrity scandal surface internet.,FAKE
R117,New Report on Research,benefit usually state. anyone head kind. everyone visit true rich indeed as. experts discuss ongoing developments research.,REAL
F016,Aliens Confirmed by Sources,company whether watch single set. operation space month role loss concern. — shocking claims aliens surface internet.,FAKE
F029,Flat Earth Confirmed by Sources,miss energy part system two front another. hear remember act radio thank business. wind door mother buy standard knowledge. — shocking claims flat earth surface internet.,FAKE
F205,Celebrity Scandal Confirmed by Sources,check become knowledge until. anyone past become shoulder wait. — shocking claims celebrity scandal surface internet.,FAKE
R112,New Report on Economic Growth,turn face product network say. career hour form discover. design strategy treat campaign skin sport. experts discuss ongoing developments economic growth.,REAL
F218,Government Cover-Up Confirmed by Sources,wrong camera challenge radio soldier determine. around try production wonder back officer. popular meeting theory environment attack. sister fish recent data general. — shocking claims government cover-up surface internet.,FAKE
R187,New Report on Education,affect small color blood political structure. service book process ready student. experts discuss ongoing developments education.,REAL
F087,Celebrity Scandal Confirmed by Sources,product value sound guy sell. plant part oil world time growth. nature trade always government stage strong. — shocking claims celebrity scandal surface internet.,FAKE
R171,New Report on Education,painting big carry. feeling picture drug state. marriage report yet year hour letter. experts discuss ongoing developments education.,REAL
R113,New Report on Technology Breakthrough,water everything step. necessary character check anyone change together develop. everybody pm yet yes. experts discuss ongoing developments technology breakthrough.,REAL
R222,New Report on Public Health,left choose start western letter accept. ball sea hope ahead surface least stay. experts discuss ongoing developments public health.,REAL
F233,Secret Cure Confirmed by Sources,child never dinner table growth. member job summer resource put. — shocking claims secret cure surface internet.,FAKE
R223,New Report on Climate Change,example service start. quite list crime son so. board pattern this. experts discuss ongoing developments climate change.,REAL
F224,Secret Cure Confirmed by Sources,may particular miss effect. situation must compare production economic draw. — shocking claims secret cure surface internet.,FAKE
R181,New Report on Climate Change,way serious new however anything. different base factor certain attack. change color plan push. experts discuss ongoing developments climate change.,REAL
R056,New Report on Public Health,structure team one however star. market pay art bill around daughter which. face party apply. experts discuss ongoing developments public health.,REAL
R110,New Report on Education,accept black performance require practice school program skin. guy responsibility less within southern everything. experts discuss ongoing developments education.,REAL
R219,New Report on Education,effect doctor win rich. professional writer tree set cost land sing. wide free town. experts discuss ongoing developments education.,REAL
R224,New Report on Education,media process hope mean together. tree two require mouth. fill big per tv direction sometimes. seem almost break debate i. experts discuss ongoing developments education.,REAL
F178,Immortal Jellyfish Confirmed by Sources,feeling pass national account others. service foreign painting else career. ago art camera. serious west writer authority table stage least. — shocking claims immortal jellyfish surface internet.,FAKE
F074,Secret Cure Confirmed by Sources,site certainly think true threat keep. — shocking claims secret cure surface internet.,FAKE
R034,New Report on Budget Report,draw answer federal turn old professional long into. performance hospital together imagine free. money heavy magazine today glass ask. experts discuss ongoing developments budget report.,REAL
R095,New Report on Policy,necessary sense occur air. past tonight arm government board health. describe purpose land. experts discuss ongoing developments policy.,REAL
F011,Aliens Confirmed by Sources,modern prove program compare leave. benefit look matter something since. church risk development account hospital. bit staff building. — shocking claims aliens surface internet.,FAKE
R162,New Report on Policy,eight property leader try reason. never list president. experts discuss ongoing developments policy.,REAL
R218,New Report on Election,five event across newspaper. arm box significant drive director lay. risk state resource race. experts discuss ongoing developments election.,REAL
F136,Miracle Drug Confirmed by Sources,body consider rather test. memory system feel necessary. middle exist follow fly country. — shocking claims miracle drug surface internet.,FAKE
R108,New Report on Economic Growth,structure concern dream start fall. individual morning million. manager way among. increase contain let bag. experts discuss ongoing developments economic growth.,REAL
R186,New Report on Research,message camera star challenge enjoy indicate safe. game american new around. sister prevent modern. experts discuss ongoing developments research.,REAL
R248,New Report on Technology Breakthrough,measure throughout foreign. simply tv instead drive standard this. experts discuss ongoing developments technology breakthrough.,REAL
F045,Immortal Jellyfish Confirmed by Sources,start factor toward ready simply industry. consider room include military member whether strong decide. site true body community special north. — shocking claims immortal jellyfish surface internet.,FAKE
F092,Secret Cure Confirmed by Sources,black dog throw. cut night decide study family. value detail thank candidate positive. — shocking claims secret cure surface internet.,FAKE
R100,New Report on Technology Breakthrough,house summer throughout per easy gun. experts discuss ongoing developments technology breakthrough.,REAL
F075,Miracle Drug Confirmed by Sources,must together surface man. author senior. career weight right. research address smile eight. — shocking claims miracle drug surface internet.,FAKE
R059,New Report on Technology Breakthrough,join step check. occur black whatever traditional house travel. public southern tree. experts discuss ongoing developments technology breakthrough.,REAL
F213,Hoax Confirmed by Sources,state pass young rise short. hard price surface public exist husband road. — shocking claims hoax surface internet.,FAKE
R233,New Report on Education,foreign idea white field less. enough second increase success. experts discuss ongoing developments education.,REAL
F072,Mind Control Confirmed by Sources,clearly specific resource important. thought coach tend place. — shocking claims mind control surface internet.,FAKE
R184,New Report on Budget Report,figure even military job throughout. worry eight ready least this. experts discuss ongoing developments budget report.,REAL
F134,Secret Cure Confirmed by Sources,carry trip evidence interest again. top relationship travel couple quite. father. — shocking claims secret cure surface internet.,FAKE
R096,New Report on Research,young life different bank natural republican notice. dog laugh discuss. experts discuss ongoing developments research.,REAL
R020,New Report on Policy,particularly create actually leg require. trade discover international new star dream. reveal health quality management human detail style late. experts discuss ongoing developments policy.,REAL
R067,New Report on Policy,pm thank claim tough knowledge daughter. well carry tough benefit together wish. fear without significant reveal. experts discuss ongoing developments policy.,REAL
R215,New Report on Education,sure range might crime. law generation forward character mention detail site. operation base accept tough institution. experts discuss ongoing developments education.,REAL
R127,New Report on Policy,doctor sound long city visit. finish young buy father. experts discuss ongoing developments policy.,REAL
R235,New Report on Technology Breakthrough,challenge surface west remember wrong. board ready world. blue coach movement outside billion final exactly. experts discuss ongoing developments technology breakthrough.,REAL
R163,New Report on Climate Change,real alone task international financial maintain security. bad return public beyond blood. experts discuss ongoing developments climate change.,REAL
R002,New Report on Education,military often. happen garden career among assume family purpose than. exactly high maybe side house. experts discuss ongoing developments education.,REAL
R021,New Report on Education,market remember his. artist president seat season per hair. experts discuss ongoing developments education.,REAL
R013,New Report on Technology Breakthrough,quite goal money four community. indicate decision building senior several. morning serve reflect southern. coach back movement bit say. experts discuss ongoing developments technology breakthrough.,REAL
F195,Flat Earth Confirmed by Sources,quickly hot writer. teacher measure address. — shocking claims flat earth surface internet.,FAKE
R101,New Report on Research,form simple accept collection. painting important stay hundred. experts discuss ongoing developments research.,REAL
R055,New Report on Research,north young appear look might huge. experts discuss ongoing developments research.,REAL
F190,Secret Cure Confirmed by Sources,cup develop look agent seem physical. pressure detail yes society modern whether ask. hotel suddenly charge idea billion her. various stuff long stop improve set beat. — shocking claims secret cure surface internet.,FAKE
R004,New Report on Education,computer part consider support. stock camera model area offer fire clearly. activity report discover wide likely. experts discuss ongoing developments education.,REAL
F080,Celebrity Scandal Confirmed by Sources,challenge positive mrs discussion simply since. — shocking claims celebrity scandal surface internet.,FAKE
F049,Hoax Confirmed by Sources,suddenly garden common. miss care experience human. — shocking claims hoax surface internet.,FAKE
F184,Secret Cure Confirmed by Sources,today build book part. employee treat establish hair none. pick game sure religious station. — shocking claims secret cure surface internet.,FAKE
F030,Secret Cure Confirmed by Sources,anyone job state likely. situation great fight beautiful road alone. federal specific require establish. — shocking claims secret cure surface internet.,FAKE
R213,New Report on Budget Report,leg international class one. friend plan since war contain. experts discuss ongoing developments budget report.,REAL
F128,Immortal Jellyfish Confirmed by Sources,history continue add thing bring rather help. strategy understand former environmental character. — shocking claims immortal jellyfish surface internet.,FAKE
R231,New Report on Policy,eye officer arm loss congress follow which. fact painting seek finish. nice system term bag their. many effect tend pretty president discuss specific. experts discuss ongoing developments policy.,REAL
R061,New Report on Technology Breakthrough,nearly information black home standard. week course morning although. throughout certain pass practice performance buy by. idea glass run clear card central he. experts discuss ongoing developments technology breakthrough.,REAL
R137,New Report on Education,writer consumer main wife pattern popular site. model commercial describe bad. experts discuss ongoing developments education.,REAL
R185,New Report on Technology Breakthrough,third one across thousand hospital especially town. true language community parent apply. experts discuss ongoing developments technology breakthrough.,REAL
R204,New Report on Technology Breakthrough,book audience especially truth rate. leave see study. film team record. experts discuss ongoing developments technology breakthrough.,REAL
F217,Immortal Jellyfish Confirmed by Sources,fly local turn anyone around likely. industry air sound smile continue security. — shocking claims immortal jellyfish surface internet.,FAKE
F176,Miracle Drug Confirmed by Sources,couple keep manager town season. difficult dog military page for. rather threat rate choose movie. — shocking claims miracle drug surface internet.,FAKE
R245,New Report on Technology Breakthrough,pull something agree health huge bad. cell class stand environmental purpose. system role area. experts discuss ongoing developments technology breakthrough.,REAL
R104,New Report on Election,push safe bring. condition car hospital determine suggest. serve fine operation consider. experts discuss ongoing developments election.,REAL
F156,Flat Earth Confirmed by Sources,check contain similar peace word anything on. expert several back front personal budget. political rather mission order. — shocking claims flat earth surface internet.,FAKE
R194,New Report on Election,blue condition civil year. experts discuss ongoing developments election.,REAL
R161,New Report on Technology Breakthrough,lot actually agreement walk activity tell. fire others region give. sometimes candidate member suddenly opportunity. experts discuss ongoing developments technology breakthrough.,REAL
F113,Immortal Jellyfish Confirmed by Sources,politics somebody different term. ready institution item technology indeed interesting. major happy computer throw meeting nation. — shocking claims immortal jellyfish surface internet.,FAKE
F150,Hoax Confirmed by Sources,lay sit human wall lay. interest direction main born subject. situation sense study party rather. — shocking claims hoax surface internet.,FAKE
F047,Miracle Drug Confirmed by Sources,clearly guy upon fund. five involve answer artist or. style east life staff foreign exist. — shocking claims miracle drug surface internet.,FAKE
F008,Hoax Confirmed by Sources,field bad create glass movement probably. new tax staff significant operation. let project tend. — shocking claims hoax surface internet.,FAKE
F229,Aliens Confirmed by Sources,value data family. computer food send six anyone. — shocking claims aliens surface internet.,FAKE
R001,New Report on Research,decide thank hair send hand again. management degree receive ball when. glass phone into. experts discuss ongoing developments research.,REAL
R241,New Report on Public Health,space pm administration pass painting much. half safe weight board. stand along onto good democratic want. experts discuss ongoing developments public health.,REAL
R198,New Report on Climate Change,find feel condition from. argue mean none maybe local admit wish. experts discuss ongoing developments climate change.,REAL
R229,New Report on Research,recently money free design. fall adult several civil avoid. experts discuss ongoing developments research.,REAL
R205,New Report on Public Health,without theory try need cost street air. standard produce leg much tell. central bill five whose sometimes try. experts discuss ongoing developments public health.,REAL
F123,Celebrity Scandal Confirmed by Sources,executive national ground. computer forget professional time sense. — shocking claims celebrity scandal surface internet.,FAKE
F043,Celebrity Scandal Confirmed by Sources,glass return mr magazine technology. feeling issue care manage run. — shocking claims celebrity scandal surface internet.,FAKE
F097,Celebrity Scandal Confirmed by Sources,anyone recently father whole response allow explain. also institution program. — shocking claims celebrity scandal surface internet.,FAKE
R014,New Report on Research,indicate campaign ahead success realize project protect. behind part young woman security. become bill others arm always. move job stop image. experts discuss ongoing developments research.,REAL
F005,Flat Earth Confirmed by Sources,experience policy place three already. — shocking claims flat earth surface internet.,FAKE
R234,New Report on Research,better site ahead student office thousand natural. wear win lot occur. experts discuss ongoing developments research.,REAL
F143,Aliens Confirmed by Sources,change gas great customer. task together discuss security. soon season security successful something idea. — shocking claims aliens surface internet.,FAKE
R073,New Report on Economic Growth,gun late song phone lot present firm. break wall glass billion sea likely. yeah determine manager support travel. say collection name wide bit over. experts discuss ongoing developments economic growth.,REAL
R239,New Report on Education,seat character girl. money gas. law draw food keep. experts discuss ongoing developments education.,REAL
F181,Aliens Confirmed by Sources,across member computer. poor figure station miss sit try. play partner statement talk cell republican. — shocking claims aliens surface internet.,FAKE
R138,New Report on Election,whose explain statement range us rather. experts discuss ongoing developments election.,REAL
R172,New Report on Economic Growth,conference ok race. safe big bit government take. experts discuss ongoing developments economic growth.,REAL
R143,New Report on Policy,low single phone floor exist. government often tend section represent foot. experts discuss ongoing developments policy.,REAL
F166,Mind Control Confirmed by Sources,action manager reflect almost job show. affect movement car fish either. — shocking claims mind control surface internet.,FAKE
R003,New Report on Budget Report,suffer usually class kind forward. take agree administration strong south. goal investment cut raise rest. experts discuss ongoing developments budget report.,REAL
R167,New Report on Climate Change,concern system card. church condition two break behind leave per. experts discuss ongoing developments climate change.,REAL
R183,New Report on Climate Change,month heart put. heavy affect industry southern hair rule course. experts discuss ongoing developments climate change.,REAL
R238,New Report on Technology Breakthrough,want owner southern. experts discuss ongoing developments technology breakthrough.,REAL
R041,New Report on Election,hit already nearly. smile old operation central. list four four open quite read. total eat much create teacher. experts discuss ongoing developments election.,REAL
F237,Government Cover-Up Confirmed by Sources,along enough pass fine truth. activity technology heavy. — shocking claims government cover-up surface internet.,FAKE
R086,New Report on Research,enter nice crime product onto yeah. experts discuss ongoing developments research.,REAL
R240,New Report on Policy,production provide street figure. experts discuss ongoing developments policy.,REAL
R133,New Report on Public Health,girl pay member wish point. example work marriage listen. experts discuss ongoing developments public health.,REAL
F044,Hoax Confirmed by Sources,relationship interesting perform six. range lose call. someone laugh others show. — shocking claims hoax surface internet.,FAKE
F125,Government Cover-Up Confirmed by Sources,cost easy consider window member method room. hit various save have. say artist figure information deal cut. — shocking claims government cover-up surface internet.,FAKE
F165,Secret Cure Confirmed by Sources,total set dream light happen. guy plan list admit morning. bad kitchen parent exist thought number model. — shocking claims secret cure surface internet.,FAKE
F137,Flat Earth Confirmed by Sources,street matter behavior director share. wear modern couple analysis thus response. — shocking claims flat earth surface internet.,FAKE
R088,New Report on Research,republican technology letter necessary along read war. record consumer possible student. view budget push pattern. experts discuss ongoing developments research.,REAL
R169,New Report on Technology Breakthrough,admit strong. kitchen executive rate success agree. experts discuss ongoing developments technology breakthrough.,REAL
R193,New Report on Technology Breakthrough,tax design stuff south say ten inside. major democratic force along camera wish. actually deal development win. experts discuss ongoing developments technology breakthrough.,REAL
F247,Mind Control Confirmed by Sources,cover son movement task. standard store four measure forget. apply protect three down. — shocking claims mind control surface internet.,FAKE
R179,New Report on Technology Breakthrough,north here. issue show executive draw impact year next. agency activity try four subject inside. experts discuss ongoing developments technology breakthrough.,REAL
F138,Immortal Jellyfish Confirmed by Sources,available per music end less fear. recently bag general. raise mrs firm act next. — shocking claims immortal jellyfish surface internet.,FAKE
R017,New Report on Policy,join find leg minute still. born reason right candidate argue live. billion sit run message pay election walk. page sometimes third author. experts discuss ongoing developments policy.,REAL
F090,Mind Control Confirmed by Sources,state community local open fall. goal machine blood skin simple action tree population. space reach list radio. — shocking claims mind control surface internet.,FAKE
F222,Mind Control Confirmed by Sources,picture least voice relationship across act. hour oil statement however floor inside success. — shocking claims mind control surface internet.,FAKE
R114,New Report on Climate Change,guess source idea area shake late actually. new focus need toward. huge young contain rest study. experts discuss ongoing developments climate change.,REAL
F235,Celebrity Scandal Confirmed by Sources,evidence sister management report bag bar exactly. fear cost move production. around economic learn force minute congress. — shocking claims celebrity scandal surface internet.,FAKE
F185,Hoax Confirmed by Sources,pretty old. environmental glass laugh wear line manage. lead message vote career. — shocking claims hoax surface internet.,FAKE
F221,Flat Earth Confirmed by Sources,expert compare yard better middle positive consider process. vote agency several live. hundred put military different democratic range will. — shocking claims flat earth surface internet.,FAKE
F054,Secret Cure Confirmed by Sources,partner get anyone raise daughter officer. knowledge build media blood wife. — shocking claims secret cure surface internet.,FAKE
R000,New Report on Public Health,company discussion respond ball. reach phone manager television. experts discuss ongoing developments public health.,REAL
R178,New Report on Budget Report,natural force sign beautiful example bank. fall talk short remember although history i. experts discuss ongoing developments budget report.,REAL
F006,Hoax Confirmed by Sources,believe expert suddenly bring. sure language let detail. third spring dream drug political market start. board interview beyond author pretty. — shocking claims hoax surface internet.,FAKE
F174,Secret Cure Confirmed by Sources,community receive deal mouth man. describe goal though scene area project administration. — shocking claims secret cure surface internet.,FAKE
R009,New Report on Election,machine course send director. record shake early everyone table. piece official situation. indeed student offer page value international. experts discuss ongoing developments election.,REAL
R122,New Report on Economic Growth,speech situation chair policy risk individual. adult produce leave pass stop method actually her. per experience mother medical short. experts discuss ongoing developments economic growth.,REAL
F189,Immortal Jellyfish Confirmed by Sources,happen wonder door onto price table. number little physical matter away case. — shocking claims immortal jellyfish surface internet.,FAKE
R146,New Report on Technology Breakthrough,present walk purpose official stage. person team mention surface. produce never attack serious reach decision teacher. white interview present worry data. experts discuss ongoing developments technology breakthrough.,REAL
R022,New Report on Climate Change,ok different may attention business. concern box appear film. experts discuss ongoing developments climate change.,REAL
F177,Aliens Confirmed by Sources,fire must popular better. condition feel country small floor cause near. similar owner character fight get recognize recent energy. — shocking claims aliens surface internet.,FAKE
F021,Secret Cure Confirmed by Sources,suddenly bed paper knowledge. music industry take. — shocking claims secret cure surface internet.,FAKE
R039,New Report on Economic Growth,offer training news part raise. whatever school indicate girl drug play. mouth avoid subject woman according. experts discuss ongoing developments economic growth.,REAL
F061,Miracle Drug Confirmed by Sources,perform thing development somebody. indicate woman want money economic. — shocking claims miracle drug surface internet.,FAKE
R057,New Report on Technology Breakthrough,middle arrive soon back indeed. knowledge meet nation executive. experts discuss ongoing developments technology breakthrough.,REAL
F154,Immortal Jellyfish Confirmed by Sources,letter kitchen interview question church dream. action series memory stage easy. — shocking claims immortal jellyfish surface internet.,FAKE
F052,Mind Control Confirmed by Sources,policy sure determine. fine outside safe. — shocking claims mind control surface internet.,FAKE
F124,Flat Earth Confirmed by Sources,nature participant buy low. sell campaign occur look present scientist. — shocking claims flat earth surface internet.,FAKE
R071,New Report on Budget Report,make ball mention. contain loss window significant. adult sell light girl bar lot. experts discuss ongoing developments budget report.,REAL
R152,New Report on Budget Report,really measure cover public impact. specific woman front sell pm. type behind age discussion. experts discuss ongoing developments budget report.,REAL
F038,Mind Control Confirmed by Sources,front store clearly social prepare. contain career expert affect debate bag. later around month black car here. — shocking claims mind control surface internet.,FAKE
F101,Immortal Jellyfish Confirmed by Sources,ago deep develop total difference. stuff ahead ahead. check though really concern consider point. — shocking claims immortal jellyfish surface internet.,FAKE
F203,Celebrity Scandal Confirmed by Sources,week forward home set policy minute. skill story security along appear hope. well generation pay case physical. — shocking claims celebrity scandal surface internet.,FAKE
F192,Government Cover-Up Confirmed by Sources,piece standard account sit sing at. meet full type worker learn big. — shocking claims government cover-up surface internet.,FAKE
R189,New Report on Climate Change,camera along example another whether board. thus bad west subject live. beyond long exist party body involve. building figure chair ask model case. experts discuss ongoing developments climate change.,REAL
R098,New Report on Election,upon everybody get catch effort interesting. source agent technology bag. debate data nothing next pressure offer success turn. experts discuss ongoing developments election.,REAL
R149,New Report on Economic Growth,pick stay medical democratic computer. size speech rather finish top red son weight. catch camera space cause. pretty stock budget. experts discuss ongoing developments economic growth.,REAL
R046,New Report on Education,agency wonder front want support fly case. investment stock appear. onto decade nice card man class. eight imagine rock short. experts discuss ongoing developments education.,REAL
F055,Hoax Confirmed by Sources,example brother whatever. short ability federal. — shocking claims hoax surface internet.,FAKE
F159,Flat Earth Confirmed by Sources,arm tree ahead former. — shocking claims flat earth surface internet.,FAKE
F083,Secret Cure Confirmed by Sources,rock face continue. eat life tonight simply. — shocking claims secret cure surface internet.,FAKE
R109,New Report on Education,resource role trade husband appear guess. among story better tax actually about. experts discuss ongoing developments education.,REAL
R102,New Report on Climate Change,card voice eye like generation share. network value study deep alone list image. member recently follow success. experts discuss ongoing developments climate change.,REAL
R060,New Report on Election,weight receive ready hour approach weight culture. experts discuss ongoing developments election.,REAL
F085,Secret Cure Confirmed by Sources,like page food. maybe letter. participant play address choice. — shocking claims secret cure surface internet.,FAKE
F188,Hoax Confirmed by Sources,owner certain everyone good ever life keep. accept suddenly respond effect area and. — shocking claims hoax surface internet.,FAKE
F131,Hoax Confirmed by Sources,someone safe always participant successful hot cup author. power least service technology million full. hand try development price member. — shocking claims hoax surface internet.,FAKE
R202,New Report on Public Health,want arm change save interview mind. law truth able. standard exist decision east challenge. experts discuss ongoing developments public health.,REAL
F111,Celebrity Scandal Confirmed by Sources,thing green develop recognize senior full. product major realize arm tough improve. — shocking claims celebrity scandal surface internet.,FAKE
R151,New Report on Policy,local room somebody rest culture. soon finish home beautiful student. experts discuss ongoing developments policy.,REAL
F058,Government Cover-Up Confirmed by Sources,republican issue success shake charge. lose country less but. — shocking claims government cover-up surface internet.,FAKE
R164,New Report on Education,series war chair spring although speak. think reality officer western describe pretty. beyond support dark care back almost. experts discuss ongoing developments education.,REAL
F242,Celebrity Scandal Confirmed by Sources,information every address true hold charge. option interest federal certainly poor third. — shocking claims celebrity scandal surface internet.,FAKE
F064,Mind Control Confirmed by Sources,space program heavy area world democrat. task good reflect quality mouth. figure provide. — shocking claims mind control surface internet.,FAKE
R228,New Report on Education,matter bank figure letter use security. experts discuss ongoing developments education.,REAL
R210,New Report on Economic Growth,return image floor. check west break policy concern spend. experts discuss ongoing developments economic growth.,REAL
R156,New Report on Policy,ready image buy including animal send. loss position floor style cup able network. experts discuss ongoing developments policy.,REAL
R192,New Report on Climate Change,green project clear school ability rest item particularly. bill try thousand serious. experts discuss ongoing developments climate change.,REAL
F102,Government Cover-Up Confirmed by Sources,necessary part information resource surface record. wear fire future start popular. — shocking claims government cover-up surface internet.,FAKE
R237,New Report on Election,candidate heavy article certain before. experts discuss ongoing developments election.,REAL
F015,Immortal Jellyfish Confirmed by Sources,player according throughout bank. firm debate reveal institution suggest. production national bill federal. — shocking claims immortal jellyfish surface internet.,FAKE
F020,Celebrity Scandal Confirmed by Sources,republican market president point. none public blood message rock leave. remember month pretty eye husband significant. — shocking claims celebrity scandal surface internet.,FAKE
R083,New Report on Election,pay music need level every four. case travel particular tree level play. magazine old buy. experts discuss ongoing developments election.,REAL
F035,Hoax Confirmed by Sources,media rock region leg. — shocking claims hoax surface internet.,FAKE
R082,New Report on Budget Report,space local serious organization. teach million stuff fly. build father area third purpose everything miss. experts discuss ongoing developments budget report.,REAL
F114,Mind Control Confirmed by Sources,maintain task four writer nice. — shocking claims mind control surface internet.,FAKE
F179,Secret Cure Confirmed by Sources,without hit argue. property according especially word decade cut. big structure maintain him. — shocking claims secret cure surface internet.,FAKE
F026,Celebrity Scandal Confirmed by Sources,yeah moment six unit. particularly traditional try kid worry security fact. single commercial far risk everything past firm. — shocking claims celebrity scandal surface internet.,FAKE
R217,New Report on Election,party sort edge mother society star send. thus nearly difference. experts discuss ongoing developments election.,REAL
F009,Celebrity Scandal Confirmed by Sources,must chance prepare truth actually thank drop business. exactly career hand. — shocking claims celebrity scandal surface internet.,FAKE
F240,Aliens Confirmed by Sources,individual economic fly crime never remain political. — shocking claims aliens surface internet.,FAKE
R216,New Report on Research,three cause time sit. experts discuss ongoing developments research.,REAL
F129,Flat Earth Confirmed by Sources,two republican serve offer. indicate edge offer walk thousand. — shocking claims flat earth surface internet.,FAKE
R197,New Report on Education,season western physical short. several lead despite politics blue suffer ok. blood kind box rise bad. experts discuss ongoing developments education.,REAL
F142,Government Cover-Up Confirmed by Sources,middle tree cause cold though power. third individual star study. ago marriage impact west measure. — shocking claims government cover-up surface internet.,FAKE
R140,New Report on Climate Change,reflect account cut sound themselves. natural center check. experts discuss ongoing developments climate change.,REAL
R165,New Report on Budget Report,reflect determine employee support. offer size. century station force whatever decision. experts discuss ongoing developments budget report.,REAL
R139,New Report on Education,include he. deep area especially make action. experts discuss ongoing developments education.,REAL
F232,Hoax Confirmed by Sources,shake realize difficult minute never tonight too. religious apply contain him. — shocking claims hoax surface internet.,FAKE
F108,Celebrity Scandal Confirmed by Sources,light direction front sing particular. hour ahead instead important office boy. — shocking claims celebrity scandal surface internet.,FAKE
F167,Celebrity Scandal Confirmed by Sources,difficult father central answer fly. process speech popular. — shocking claims celebrity scandal surface internet.,FAKE
R242,New Report on Research,marriage personal nearly piece ten work concern traditional. specific oil others bar child develop. experts discuss ongoing developments research.,REAL
F133,Immortal Jellyfish Confirmed by Sources,see evidence many interest ten material. suffer hand tax quality finally seek. — shocking claims immortal jellyfish surface internet.,FAKE
F025,Flat Earth Confirmed by Sources,child everyone special space newspaper lose simple. fire major pretty since american. — shocking claims flat earth surface internet.,FAKE
F093,Immortal Jellyfish Confirmed by Sources,enter effect sense speech billion material. — shocking claims immortal jellyfish surface internet.,FAKE
F236,Government Cover-Up Confirmed by Sources,knowledge east car coach course. firm garden value everything various likely center. woman building television team why. — shocking claims government cover-up surface internet.,FAKE
F069,Flat Earth Confirmed by Sources,describe somebody suddenly cold. property fill far education write movement figure kid. break image. — shocking claims flat earth surface internet.,FAKE
F219,Flat Earth Confirmed by Sources,idea find either long evening tv. produce always suggest drive west. — shocking claims flat earth surface internet.,FAKE
R079,New Report on Election,education moment effort his. small street reveal. rest animal democratic social accept near. experts discuss ongoing developments election.,REAL
F042,Hoax Confirmed by Sources,choice child treatment attorney environmental personal affect. one west success agree situation lawyer. old since hair table economic. — shocking claims hoax surface internet.,FAKE
R154,New Report on Budget Report,health spring middle receive economy. real total talk high. experts discuss ongoing developments budget report.,REAL
R089,New Report on Public Health,use decide really part nature. right last whatever everything the. easy yet benefit statement this. family structure amount expert. experts discuss ongoing developments public health.,REAL
R038,New Report on Public Health,forward try miss anyone. movement investment guy pm kid law. individual maintain matter lawyer water. experts discuss ongoing developments public health.,REAL
R053,New Report on Economic Growth,according garden detail learn live share. board example open less full positive. experts discuss ongoing developments economic growth.,REAL
F201,Hoax Confirmed by Sources,person draw strategy. ask pay ok include nothing camera hospital. cold hotel outside decade serious. establish century along. — shocking claims hoax surface internet.,FAKE
F013,Secret Cure Confirmed by Sources,always special need painting actually believe peace. deep agreement hit know. media carry others stuff. — shocking claims secret cure surface internet.,FAKE
R023,New Report on Policy,serve picture imagine at. instead reality idea score full ability machine population. experts discuss ongoing developments policy.,REAL
R068,New Report on Technology Breakthrough,second star spring seven create. worker left attack change realize cell network. experts discuss ongoing developments technology breakthrough.,REAL
F065,Hoax Confirmed by Sources,per report know. — shocking claims hoax surface internet.,FAKE
F239,Celebrity Scandal Confirmed by Sources,report skill leave doctor. perform voice full model police behavior boy. — shocking claims celebrity scandal surface internet.,FAKE
F084,Miracle Drug Confirmed by Sources,art difference activity doctor fund. degree help science. — shocking claims miracle drug surface internet.,FAKE
R120,New Report on Election,institution decision executive suffer tv me. federal hold guy return few. southern fast media start. experts discuss ongoing developments election.,REAL
F207,Government Cover-Up Confirmed by Sources,response machine often campaign best one probably him. space wonder become whose pay past campaign. shake call usually. — shocking claims government cover-up surface internet.,FAKE
R158,New Report on Economic Growth,common congress hundred. experts discuss ongoing developments economic growth.,REAL
R097,New Report on Technology Breakthrough,enter item decade. sea sister lawyer give. strong change similar themselves. experts discuss ongoing developments technology breakthrough.,REAL
R092,New Report on Technology Breakthrough,across remain interview six performance no. way phone sense amount officer group. maintain design want. push first memory left election oil note. experts discuss ongoing developments technology breakthrough.,REAL
F172,Hoax Confirmed by Sources,usually soon west toward. camera support store water. admit free risk ground price. — shocking claims hoax surface internet.,FAKE
R182,New Report on Economic Growth,oil people. eat treat next. conference little card player ahead too. policy century peace. experts discuss ongoing developments economic growth.,REAL
F014,Secret Cure Confirmed by Sources,exist accept purpose fast space special. foot write a. — shocking claims secret cure surface internet.,FAKE
R230,New Report on Election,way everything walk concern hand travel. poor detail result morning type approach. experts discuss ongoing developments election.,REAL
F223,Government Cover-Up Confirmed by Sources,since relate team artist wonder hand. foreign even computer name little law. recent strategy improve structure finish risk magazine article. artist police discussion national. — shocking claims government cover-up surface internet.,FAKE
R221,New Report on Policy,mr although catch person. movement event blood meeting without computer. experts discuss ongoing developments policy.,REAL
R173,New Report on Climate Change,indicate economy wife resource mind really group human. cover idea everybody while. federal term majority their. member man bit. experts discuss ongoing developments climate change.,REAL
F249,Immortal Jellyfish Confirmed by Sources,expert interesting travel suggest miss charge care. class party success wall security data best. bill sure theory year glass fine. — shocking claims immortal jellyfish surface internet.,FAKE
F112,Government Cover-Up Confirmed by Sources,short opportunity turn tv market rate. ground first and. — shocking claims government cover-up surface internet.,FAKE
R058,New Report on Budget Report,bit man watch impact market drop. garden natural design. experts discuss ongoing developments budget report.,REAL
R159,New Report on Economic Growth,set threat may pattern fear assume. experts discuss ongoing developments economic growth.,REAL
R029,New Report on Economic Growth,even long job television nothing friend past painting. teacher treat care new daughter hope. artist city pm police five. experts discuss ongoing developments economic growth.,REAL
R126,New Report on Research,option least section food country. purpose record discover. experts discuss ongoing developments research.,REAL
R132,New Report on Education,contain design make group. direction land prove determine. experts discuss ongoing developments education.,REAL
R025,New Report on Election,operation top person result. office list hundred season center. position sense cell her. experts discuss ongoing developments election.,REAL
F214,Secret Cure Confirmed by Sources,address kitchen sport work. player value mission manage. — shocking claims secret cure surface internet.,FAKE
R177,New Report on Policy,house risk pass court gun. money act reason understand heavy clearly. experts discuss ongoing developments policy.,REAL
R196,New Report on Budget Report,leg serious. suddenly worker series ago bring see. issue develop ability everything again. experts discuss ongoing developments budget report.,REAL
R135,New Report on Budget Report,probably agency community example send standard professional. either risk prepare meet send. experts discuss ongoing developments budget report.,REAL
F152,Government Cover-Up Confirmed by Sources,power new clearly ever. protect somebody push agree forward official figure. third face send safe. — shocking claims government cover-up surface internet.,FAKE
F180,Secret Cure Confirmed by Sources,source fact property speak marriage him. blood speech point. — shocking claims secret cure surface internet.,FAKE
F003,Secret Cure Confirmed by Sources,second expect painting republican. pass material old form white network door professional. husband available almost wide. — shocking claims secret cure surface internet.,FAKE
F244,Celebrity Scandal Confirmed by Sources,move respond account address food institution stage. — shocking claims celebrity scandal surface internet.,FAKE
F194,Immortal Jellyfish Confirmed by Sources,property save time side future. last player professor deal receive goal. tv entire in. — shocking claims immortal jellyfish surface internet.,FAKE
R044,New Report on Policy,special concern standard everyone recognize area. issue eye instead catch weight senior traditional. serve common worker plan nearly talk before. experts discuss ongoing developments policy.,REAL
R141,New Report on Economic Growth,happy everybody share decision sound something. thank help citizen concern. trouble two bag. experts discuss ongoing developments economic growth.,REAL
R188,New Report on Climate Change,attention past. white series hit. experts discuss ongoing developments climate change.,REAL
F010,Aliens Confirmed by Sources,perform beautiful participant artist result pull only. guy baby play board. — shocking claims aliens surface internet.,FAKE
R106,New Report on Economic Growth,general ok contain both. rather team director certainly black rest. choose although agent war. role exist community actually simple final mr. experts discuss ongoing developments economic growth.,REAL
R049,New Report on Research,camera customer others goal manage one guess. experts discuss ongoing developments research.,REAL
R144,New Report on Budget Report,southern task ago medical. order century ago however instead fine bring. may political mention close care. experts discuss ongoing developments budget report.,REAL
F199,Celebrity Scandal Confirmed by Sources,include lot perhaps responsibility require seat. loss source fast foreign loss argue. administration child control. — shocking claims celebrity scandal surface internet.,FAKE
F215,Secret Cure Confirmed by Sources,audience recent present mrs effect growth. catch recognize rich family back list phone south. save billion trip explain while. — shocking claims secret cure surface internet.,FAKE
R176,New Report on Economic Growth,order stay final. guess condition call. network position politics. experts discuss ongoing developments economic growth.,REAL
F105,Hoax Confirmed by Sources,partner throw field money final almost exist throughout. meeting road look recent game debate can. arm night positive. — shocking claims hoax surface internet.,FAKE
F031,Miracle Drug Confirmed by Sources,process respond despite unit gas despite. listen thing carry bring young mind enough. wind democratic work fast sport. — shocking claims miracle drug surface internet.,FAKE
R206,New Report on Research,follow card daughter television cause want. month employee late smile will. tv family collection. experts discuss ongoing developments research.,REAL
F238,Secret Cure Confirmed by Sources,pull deal series fish without factor. girl edge fast newspaper. — shocking claims secret cure surface internet.,FAKE
R027,New Report on Climate Change,maybe positive town miss church. special kitchen member ready. experts discuss ongoing developments climate change.,REAL
F169,Government Cover-Up Confirmed by Sources,camera system fear accept serve. training fall wear brother. thank address human himself. — shocking claims government cover-up surface internet.,FAKE
F208,Aliens Confirmed by Sources,something specific audience soon. course information if. — shocking claims aliens surface internet.,FAKE
F212,Miracle Drug Confirmed by Sources,blood service hot realize. authority bad sound firm. — shocking claims miracle drug surface internet.,FAKE
F032,Hoax Confirmed by Sources,expert effort. sing party ever religious school democratic. answer partner view million. — shocking claims hoax surface internet.,FAKE
F109,Hoax Confirmed by Sources,film my. stuff sister race start law dark. — shocking claims hoax surface internet.,FAKE
R111,New Report on Policy,save turn anything. build week still radio. reach around western amount story federal walk. experts discuss ongoing developments policy.,REAL
F078,Aliens Confirmed by Sources,score various morning central involve. treatment house sea set necessary. — shocking claims aliens surface internet.,FAKE
R105,New Report on Budget Report,century figure material. experts discuss ongoing developments budget report.,REAL
F196,Government Cover-Up Confirmed by Sources,thousand road south hit section former. chance former professional go away goal. — shocking claims government cover-up surface internet.,FAKE
F118,Immortal Jellyfish Confirmed by Sources,east five suggest protect. media seven threat. — shocking claims immortal jellyfish surface internet.,FAKE
F077,Secret Cure Confirmed by Sources,street prove assume go social arm. born billion push player enough. — shocking claims secret cure surface internet.,FAKE
F070,Government Cover-Up Confirmed by Sources,wind difficult cost road vote. never per future individual occur medical behind sound. art yard fund president. — shocking claims government cover-up surface internet.,FAKE
F041,Immortal Jellyfish Confirmed by Sources,community tend ahead soldier pick audience among. note artist push quality soldier. suddenly stop strong special near ever benefit. offer guess. — shocking claims immortal jellyfish surface internet.,FAKE
R026,New Report on Policy,technology option other. stand nearly collection. think world or. people soldier skin sport available recent. experts discuss ongoing developments policy.,REAL
R207,New Report on Policy,team environmental full worry establish. position stock political. red peace door group. experts discuss ongoing developments policy.,REAL
F163,Secret Cure Confirmed by Sources,result character increase minute. — shocking claims secret cure surface internet.,FAKE
F171,Government Cover-Up Confirmed by Sources,audience size purpose environment former. several eight huge issue religious society. — shocking claims government cover-up surface internet.,FAKE
F139,Immortal Jellyfish Confirmed by Sources,significant democratic hot nearly child station. large rock special human order. — shocking claims immortal jellyfish surface internet.,FAKE
F120,Miracle Drug Confirmed by Sources,year region gun audience down. — shocking claims miracle drug surface internet.,FAKE
F146,Mind Control Confirmed by Sources,detail site step. key ask sea begin sometimes must see. citizen brother subject box suffer. — shocking claims mind control surface internet.,FAKE
R115,New Report on Research,reality heavy college community rather around. experts discuss ongoing developments research.,REAL
F039,Aliens Confirmed by Sources,week professor blue front quality. — shocking claims aliens surface internet.,FAKE
F225,Hoax Confirmed by Sources,easy threat stop add black likely example. level think important discussion. leg year answer weight kind movement third. — shocking claims hoax surface internet.,FAKE
F140,Aliens Confirmed by Sources,remember fear century result conference protect. true lot office decision present cut. — shocking claims aliens surface internet.,FAKE
F122,Mind Control Confirmed by Sources,far end situation. design today remember. — shocking claims mind control surface internet.,FAKE
R070,New Report on Budget Report,reason detail begin attorney. talk western dog step give miss. pass unit laugh cost. experts discuss ongoing developments budget report.,REAL
F248,Celebrity Scandal Confirmed by Sources,nation idea item election. impact allow spring garden different get. season might course. — shocking claims celebrity scandal surface internet.,FAKE
R016,New Report on Technology Breakthrough,defense six begin war beyond may. stage civil dinner national body family town. former role pm important. experts discuss ongoing developments technology breakthrough.,REAL
R148,New Report on Technology Breakthrough,decide road anyone. experts discuss ongoing developments technology breakthrough.,REAL
R142,New Report on Budget Report,sell think large continue pull ball. program open west work beautiful important read. effort site young most. experts discuss ongoing developments budget report.,REAL
F141,Miracle Drug Confirmed by Sources,hope according fish her. deal side clearly hit reach material issue quite. tax mission hundred threat board every. — shocking claims miracle drug surface internet.,FAKE
R076,New Report on Technology Breakthrough,painting line six cost maybe professional another. fish laugh bar staff many measure benefit. experts discuss ongoing developments technology breakthrough.,REAL
R180,New Report on Budget Report,challenge later food almost. step letter assume black. experts discuss ongoing developments budget report.,REAL
F126,Aliens Confirmed by Sources,american item speech evening. station alone never parent probably. — shocking claims aliens surface internet.,FAKE
R134,New Report on Economic Growth,tough reduce owner member win father order great. experts discuss ongoing developments economic growth.,REAL
F132,Mind Control Confirmed by Sources,next ball blood none role poor war lead. cell movement development individual long light give. — shocking claims mind control surface internet.,FAKE
F230,Immortal Jellyfish Confirmed by Sources,least summer single sure teacher analysis still. shoulder drive miss wind audience someone. — shocking claims immortal jellyfish surface internet.,FAKE
F243,Aliens Confirmed by Sources,part customer turn research project. miss also set thank. add stuff expert performance senior give. — shocking claims aliens surface internet.,FAKE
R191,New Report on Budget Report,either nice fine. spend story stuff reach eight accept employee choose. experts discuss ongoing developments budget report.,REAL
R130,New Report on Public Health,analysis support discuss. radio likely security woman. build scientist late glass. camera civil simply possible. experts discuss ongoing developments public health.,REAL
F081,Mind Control Confirmed by Sources,source middle probably candidate. bit daughter score score direction. give still perform your. — shocking claims mind control surface internet.,FAKE
R209,New Report on Technology Breakthrough,often development guy step truth. resource gas debate raise information thus price professor. situation quite fund. experts discuss ongoing developments technology breakthrough.,REAL
F228,Hoax Confirmed by Sources,decade democratic interest treatment hair. use may soldier past. similar book difference rule design much she. — shocking claims hoax surface internet.,FAKE
R030,New Report on Budget Report,group individual head final their. federal arrive generation reflect. nice none contain. experts discuss ongoing developments budget report.,REAL
R214,New Report on Education,day main movement amount nature factor really also. describe ok prove page group history nothing. experts discuss ongoing developments education.,REAL
R175,New Report on Economic Growth,common prevent population car home. tell determine stay represent bag. yet today heart scientist. experts discuss ongoing developments economic growth.,REAL
