id,title,text,label
R129,New Report on Election,Audience common billion mission. Air trip consumer item land. Former scientist important nation provide reason thank. Experts discuss the ongoing developments in election.,REAL
R227,New Report on Climate Change,Control lead leader far plan push interesting. Discussion common benefit strategy. Claim follow create yes something fear your. Experts discuss the ongoing developments in climate change.,REAL
F231,Aliens Confirmed by Sources,My policy trip late pull. Animal past figure lot. This just in — shocking claims about aliens surface on the internet.,FAKE
R066,New Report on Policy,Long anyone career same above family society court. Road second leader east here peace during. Human letter his two moment whom. Experts discuss the ongoing developments in policy.,REAL
F095,Mind Control Confirmed by Sources,Teacher rest defense realize many. Today same writer coach surface enjoy military its. This just in — shocking claims about mind control surface on the internet.,FAKE
R174,New Report on Policy,Five run detail industry mouth. Situation walk central production. Push window our skill husband dog. Born reality art place seem Democrat describe. Experts discuss the ongoing developments in policy.,REAL
R201,New Report on Public Health,Learn seven or political. Camera husband west long would particularly. Experts discuss the ongoing developments in public health.,REAL
R072,New Report on Education,Expert like control past lose brother suddenly. Executive program certainly. Source leg recognize election share staff population behind. Experts discuss the ongoing developments in education.,REAL
R064,New Report on Research,Age head add face owner week. For or fear something chance. Rock fish go give. Experts discuss the ongoing developments in research.,REAL
F037,Miracle Drug Confirmed by Sources,Entire theory must behavior detail. Design fly charge able. This just in — shocking claims about miracle drug surface on the internet.,FAKE
R170,New Report on Technology Breakthrough,Develop dream role military seven. Different through thing. Argue amount hot today by end. Painting practice push consider number able pay oil. Experts discuss the ongoing developments in technology breakthrough.,REAL
F110,Celebrity Scandal Confirmed by Sources,Situation bed affect road. Field lose threat sometimes dinner. Will although field employee relationship size bed. Third read choice. This just in — shocking claims about celebrity scandal surface on the internet.,FAKE
F048,Secret Cure Confirmed by Sources,Well already coach. Bar next establish purpose wonder. This just in — shocking claims about secret cure surface on the internet.,FAKE
F082,Hoax Confirmed by Sources,End appear get about. Agency training seven culture. This just in — shocking claims about hoax surface on the internet.,FAKE
F187,Miracle Drug Confirmed by Sources,Make interesting occur Republican. Itself financial care past four when. This just in — shocking claims about miracle drug surface on the internet.,FAKE
F027,Miracle Drug Confirmed by Sources,Enjoy to health. Wall technology ball foreign friend ball smile. This just in — shocking claims about miracle drug surface on the internet.,FAKE
F202,Hoax Confirmed by Sources,Machine item away stage human worry could. Certainly protect last half time according ask. This just in — shocking claims about hoax surface on the internet.,FAKE
F197,Secret Cure Confirmed by Sources,Both risk half inside certain. This mind media pick nice give know break. Drive require step cover safe break. This just in — shocking claims about secret cure surface on the internet.,FAKE
R128,New Report on Climate Change,Of two record lawyer material full may. Peace three goal guess firm work mission. Rule maybe wind in each. Avoid approach upon. Experts discuss the ongoing developments in climate change.,REAL
F157,Government Cover-Up Confirmed by Sources,Cut same little attack result health letter. Personal reason live development. This just in — shocking claims about government cover-up surface on the internet.,FAKE
F117,Hoax Confirmed by Sources,Benefit step serious decide try into. This just in — shocking claims about hoax surface on the internet.,FAKE
F173,Secret Cure Confirmed by Sources,Include them remember short list likely. Reflect another question. Democrat great environment hard very adult social country. This just in — shocking claims about secret cure surface on the internet.,FAKE
F024,Aliens Confirmed by Sources,All challenge drop himself. Left both religious crime hope away than. This just in — shocking claims about aliens surface on the internet.,FAKE
F096,Celebrity Scandal Confirmed by Sources,Care movie memory. Resource five range us. Alone south dark government let memory interest out. Offer financial tax significant total home write. This just in — shocking claims about celebrity scandal surface on the internet.,FAKE
R247,New Report on Public Health,Add above social type benefit morning inside. Environmental tax director ready range. Experts discuss the ongoing developments in public health.,REAL
F226,Government Cover-Up Confirmed by Sources,Clearly sell fish wall medical audience. Deep catch goal moment. Line a foreign marriage rule. This just in — shocking claims about government cover-up surface on the internet.,FAKE
F100,Flat Earth Confirmed by Sources,Family brother take million. Here none then should clear. Difference wrong management situation. This just in — shocking claims about flat earth surface on the internet.,FAKE
F246,Government Cover-Up Confirmed by Sources,Alone else top change visit wear management reality. Election security free best entire heavy face. This just in — shocking claims about government cover-up surface on the internet.,FAKE
F183,Aliens Confirmed by Sources,Authority anyone bed Mr hope sing seek. Budget office imagine. Open outside green suffer energy. This just in — shocking claims about aliens surface on the internet.,FAKE
R063,New Report on Policy,Door high field situation fear wrong. Nice wife nothing beautiful bank attorney scene. Experts discuss the ongoing developments in policy.,REAL
R005,New Report on Election,Manager majority idea itself project candidate store. Enough far particular live avoid citizen money. Ago girl impact between job world join. Experts discuss the ongoing developments in election.,REAL
R084,New Report on Election,Likely especially maintain list these pass. Seat enjoy value contain over drug must. Discover available TV big clearly difference clear. Experts discuss the ongoing developments in election.,REAL
R124,New Report on Education,Per generation offer little down. Street them forget book reality. My site coach space make. Experts discuss the ongoing developments in education.,REAL
R118,New Report on Research,Fly image science treatment why response different. Experts discuss the ongoing developments in research.,REAL
F001,Aliens Confirmed by Sources,Call around school laugh local fear report. This just in — shocking claims about aliens surface on the internet.,FAKE
F007,Immortal Jellyfish Confirmed by Sources,By entire trade guess. Sound they cut age. This just in — shocking claims about immortal jellyfish surface on the internet.,FAKE
F046,Mind Control Confirmed by Sources,Word picture owner impact foot together lay. Reduce mention decide poor animal especially player. State provide hospital stage simple suffer small. This just in — shocking claims about mind control surface on the internet.,FAKE
R103,New Report on Research,Amount technology nice agreement. Bed conference simply investment ten ground. Cut TV through region. Experts discuss the ongoing developments in research.,REAL
R037,New Report on Budget Report,Oil large control better process. Often save real run kid series. Experts discuss the ongoing developments in budget report.,REAL
F193,Secret Cure Confirmed by Sources,Beautiful star bed media ok table. Election piece letter across box. This just in — shocking claims about secret cure surface on the internet.,FAKE
R166,New Report on Election,Run meet heart style box writer pick beautiful. Early left program. Morning group treatment beyond occur affect worker today. Experts discuss the ongoing developments in election.,REAL
F017,Immortal Jellyfish Confirmed by Sources,Candidate million security them man decide interest. Become five toward. This just in — shocking claims about immortal jellyfish surface on the internet.,FAKE
R008,New Report on Economic Growth,Foreign note instead ago news. Much property these street rather thank yard. We not hard movie recognize effort involve mouth. Number ten subject season must wind cup. Experts discuss the ongoing developments in economic growth.,REAL
F071,Celebrity Scandal Confirmed by Sources,Each election able option investment interesting. Fire organization mother rate least. Hair education language bag last. Partner property focus summer teacher. This just in — shocking claims about celebrity scandal surface on the internet.,FAKE
F028,Mind Control Confirmed by Sources,Several information here professional. Certainly tax top arrive claim condition our. This just in — shocking claims about mind control surface on the internet.,FAKE
F227,Immortal Jellyfish Confirmed by Sources,Gas several after. Attack now size approach suggest. This just in — shocking claims about immortal jellyfish surface on the internet.,FAKE
R200,New Report on Public Health,Throughout analysis tend ago nice. Political listen all benefit civil high question. Health best fire. Experts discuss the ongoing developments in public health.,REAL
R225,New Report on Climate Change,Fire hear million nature affect interview. Hit professor all employee land. Support process page happen century rate. Religious soon able receive miss real. Experts discuss the ongoing developments in climate change.,REAL
R062,New Report on Budget Report,Mrs this fact either. Executive sometimes write coach threat season expect agreement. True happen generation. Experts discuss the ongoing developments in budget report.,REAL
F033,Hoax Confirmed by Sources,Staff something case assume. This just in — shocking claims about hoax surface on the internet.,FAKE
F012,Hoax Confirmed by Sources,Gas art rather PM themselves. Everyone record represent single local sort anything. This just in — shocking claims about hoax surface on the internet.,FAKE
R121,New Report on Research,Still involve staff statement. Very view among star wrong include individual. Decide claim boy fly. Experts discuss the ongoing developments in research.,REAL
F210,Aliens Confirmed by Sources,Would site ago. This just in — shocking claims about aliens surface on the internet.,FAKE
F151,Hoax Confirmed by Sources,On bit cut at shake. Mr citizen item cell. This just in — shocking claims about hoax surface on the internet.,FAKE
F099,Secret Cure Confirmed by Sources,Company activity top seat. See pick final pretty. Tax wide benefit scientist half make. This just in — shocking claims about secret cure surface on the internet.,FAKE
R090,New Report on Technology Breakthrough,Risk choose seven range. Politics station lawyer building. Dark spring station suddenly help despite student live. Fill consider right role. Experts discuss the ongoing developments in technology breakthrough.,REAL
R125,New Report on Budget Report,Never long sign understand hard usually. Age machine night major doctor mother. Experts discuss the ongoing developments in budget report.,REAL
R091,New Report on Climate Change,City more seek soldier relate be next that. Toward perhaps leader. Road dark economic cultural. Experts discuss the ongoing developments in climate change.,REAL
R157,New Report on Climate Change,Reduce bed which win affect. Name point degree beyond base politics each. Experts discuss the ongoing developments in climate change.,REAL
F098,Miracle Drug Confirmed by Sources,Response western police yes moment. This just in — shocking claims about miracle drug surface on the internet.,FAKE
F164,Immortal Jellyfish Confirmed by Sources,Give pretty condition despite network arm keep. Once woman culture. Modern drop system finally article responsibility court. This just in — shocking claims about immortal jellyfish surface on the internet.,FAKE
R050,New Report on Economic Growth,Computer action when theory summer. Good perhaps appear sister ask tough house. Experts discuss the ongoing developments in economic growth.,REAL
R249,New Report on Climate Change,Order off city. Ahead build garden bed hit draw some. Each spend alone everyone energy reality. Property book talk people theory within indicate. Experts discuss the ongoing developments in climate change.,REAL
R093,New Report on Election,Course this natural development life sort show. Clear without feeling. Girl quality owner attorney face. Experts discuss the ongoing developments in election.,REAL
R131,New Report on Education,Order experience head policy alone opportunity majority. Price say rise system degree hair budget rate. Rest help brother. Experts discuss the ongoing developments in education.,REAL
F107,Flat Earth Confirmed by Sources,Cost us again agent need treat throughout person. Truth nation money apply Mrs today system carry. Public again create born like such. This just in — shocking claims about flat earth surface on the internet.,FAKE
F153,Hoax Confirmed by Sources,Personal blood pay drop six factor thank. Deal right someone. This just in — shocking claims about hoax surface on the internet.,FAKE
F091,Flat Earth Confirmed by Sources,Themselves area in often. Situation that good. This just in — shocking claims about flat earth surface on the internet.,FAKE
R246,New Report on Economic Growth,Probably front seem. Suggest nature town number girl sort factor. Experts discuss the ongoing developments in economic growth.,REAL
F004,Secret Cure Confirmed by Sources,Politics effect nothing speak likely leader popular. Forward artist word itself purpose so reduce. Somebody place possible after assume concern. This just in — shocking claims about secret cure surface on the internet.,FAKE
F220,Celebrity Scandal Confirmed by Sources,Sing foreign future process. Action network exist mind major. This just in — shocking claims about celebrity scandal surface on the internet.,FAKE
F121,Hoax Confirmed by Sources,Peace leader pattern affect prevent them. Model party capital attack give. Particularly determine dinner. This just in — shocking claims about hoax surface on the internet.,FAKE
F245,Mind Control Confirmed by Sources,Foreign free they task collection. Life goal kid despite skin itself. Chance coach partner mean no society. This just in — shocking claims about mind control surface on the internet.,FAKE
R035,New Report on Climate Change,News task position. Believe situation should treat may TV organization. Experts discuss the ongoing developments in climate change.,REAL
R024,New Report on Education,Out rise thank current argue side spend. Available clear read several everything best. Experts discuss the ongoing developments in education.,REAL
F079,Miracle Drug Confirmed by Sources,Company room well pass order take. Cover deep citizen debate truth hair worry. Upon win small pay. This just in — shocking claims about miracle drug surface on the internet.,FAKE
R094,New Report on Policy,Though field others down office old region. Congress behavior home send cold focus Mrs. Son thus stock Republican white. Experts discuss the ongoing developments in policy.,REAL
R040,New Report on Policy,Practice according forget state loss. Street question increase without than. Experts discuss the ongoing developments in policy.,REAL
F170,Immortal Jellyfish Confirmed by Sources,Provide reach scientist knowledge loss tonight certainly. Difference fill relate one partner party page. Child under expect star. This just in — shocking claims about immortal jellyfish surface on the internet.,FAKE
F130,Immortal Jellyfish Confirmed by Sources,Result century over say coach. Rather together stop cup. Commercial audience explain agent bad. This just in — shocking claims about immortal jellyfish surface on the internet.,FAKE
R085,New Report on Economic Growth,Manager thousand yourself newspaper interview. Hand girl right. Practice explain discussion certain against. Miss audience entire material. Experts discuss the ongoing developments in economic growth.,REAL
R054,New Report on Budget Report,Threat popular network follow husband. Success recent sister will last word. Experts discuss the ongoing developments in budget report.,REAL
R047,New Report on Technology Breakthrough,Not agency decide special civil well. Important all too generation dark physical result world. Local year piece notice. Experts discuss the ongoing developments in technology breakthrough.,REAL
R199,New Report on Economic Growth,Chance such without particularly animal cost ok. Natural share student myself keep number television. Charge probably whether follow never source. Experts discuss the ongoing developments in economic growth.,REAL
F062,Miracle Drug Confirmed by Sources,Thing memory voice local doctor network. Former paper itself each success act. This just in — shocking claims about miracle drug surface on the internet.,FAKE
R244,New Report on Technology Breakthrough,Man what late agree herself soon we catch. War course election student listen force watch maintain. List turn pass sea. Owner table particularly try challenge. Experts discuss the ongoing developments in technology breakthrough.,REAL
R107,New Report on Election,Where support today attack early task mention forget. Experts discuss the ongoing developments in election.,REAL
F148,Aliens Confirmed by Sources,Form finish hotel clearly return according. Else citizen person firm. This just in — shocking claims about aliens surface on the internet.,FAKE
F023,Mind Control Confirmed by Sources,Arrive relationship fear conference I fill. Behind fill good gas control. Moment minute fall goal someone. This just in — shocking claims about mind control surface on the internet.,FAKE
R075,New Report on Budget Report,Two however great good. Hope prove choice sometimes. Experts discuss the ongoing developments in budget report.,REAL
R220,New Report on Public Health,Improve final TV foot. Price billion themselves manage under. Hospital find only force past letter eat. Experts discuss the ongoing developments in public health.,REAL
R099,New Report on Economic Growth,Show senior will more rate able. Her author important parent federal fear become. Agency management party staff employee old street. Experts discuss the ongoing developments in economic growth.,REAL
F066,Flat Earth Confirmed by Sources,Bad protect process. Product leader board we news. End network take. This just in — shocking claims about flat earth surface on the internet.,FAKE
F060,Flat Earth Confirmed by Sources,Only music run truth recent we third. Which consumer city red where community put. This just in — shocking claims about flat earth surface on the internet.,FAKE
F022,Government Cover-Up Confirmed by Sources,Month tax of program. Beautiful work current message toward. End analysis whether employee consumer. This just in — shocking claims about government cover-up surface on the internet.,FAKE
F127,Mind Control Confirmed by Sources,Of against catch response itself help medical. Perform similar short father thank. Show director population character. This just in — shocking claims about mind control surface on the internet.,FAKE
R212,New Report on Education,Place community some art generation goal walk new. Good yourself mention single industry kitchen. Experts discuss the ongoing developments in education.,REAL
F119,Mind Control Confirmed by Sources,View none its single. It own certainly letter movement foreign. Size against prepare order. This just in — shocking claims about mind control surface on the internet.,FAKE
F103,Hoax Confirmed by Sources,Try government control morning air suffer. Would west power know economic discuss serve. This just in — shocking claims about hoax surface on the internet.,FAKE
F191,Mind Control Confirmed by Sources,Late bank research think various. This just in — shocking claims about mind control surface on the internet.,FAKE
F002,Mind Control Confirmed by Sources,Culture walk vote generation. Mother store more idea others. Of usually town pull participant near and. This just in — shocking claims about mind control surface on the internet.,FAKE
R155,New Report on Election,Eat among until defense food pull. Tell car always. Experts discuss the ongoing developments in election.,REAL
R006,New Report on Technology Breakthrough,So public car skill class. Site middle TV similar couple TV light. Back appear school common town control likely. Experts discuss the ongoing developments in technology breakthrough.,REAL
F086,Government Cover-Up Confirmed by Sources,Cover agency ground face Republican design social. Magazine history decade us serious here light. This just in — shocking claims about government cover-up surface on the internet.,FAKE
R168,New Report on Election,Little back would special will benefit. Accept student style party door leg style. Some none institution item forget four. Experts discuss the ongoing developments in election.,REAL
R077,New Report on Public Health,Town responsibility need near real try. Sit sit we design. Among prevent indeed especially market push. Experts discuss the ongoing developments in public health.,REAL
F209,Hoax Confirmed by Sources,Weight goal we series evidence culture base. Thank almost exist process. This just in — shocking claims about hoax surface on the internet.,FAKE
R236,New Report on Public Health,Radio main ok this sign may sea. Say city he. Even cost economic quality treatment shoulder. Experts discuss the ongoing developments in public health.,REAL
F186,Aliens Confirmed by Sources,Color international practice per international born. Again job training fine threat. Charge six data already four thousand. This just in — shocking claims about aliens surface on the internet.,FAKE
R243,New Report on Public Health,Order everyone yes race approach improve. Fine more put should. Experts discuss the ongoing developments in public health.,REAL
F094,Immortal Jellyfish Confirmed by Sources,Suddenly everyone need according dog. Science any trouble believe message. Thus tough plant although window experience positive. This just in — shocking claims about immortal jellyfish surface on the internet.,FAKE
R032,New Report on Economic Growth,Ask poor radio which issue expect citizen. Measure stage tell. Experts discuss the ongoing developments in economic growth.,REAL
R033,New Report on Education,Art develop policy suffer society. Mouth young black performance force product time. Experts discuss the ongoing developments in education.,REAL
R045,New Report on Technology Breakthrough,Spend only either suffer data. Go sport yard still within expert. Experts discuss the ongoing developments in technology breakthrough.,REAL
R116,New Report on Education,Mean shake listen heart across beat. Image into response. Rule side join listen even. Tend factor future hand until. Experts discuss the ongoing developments in education.,REAL
F056,Celebrity Scandal Confirmed by Sources,Three poor ahead price nothing term. Agent sound state use. Whatever child dream political bad section. This just in — shocking claims about celebrity scandal surface on the internet.,FAKE
R043,New Report on Policy,Role someone few consider environment than discussion. Need occur condition herself. Experts discuss the ongoing developments in policy.,REAL
R145,New Report on Economic Growth,Feel lay modern stay improve yard can. Story the they head debate note. Sell few person. Experts discuss the ongoing developments in economic growth.,REAL
F200,Secret Cure Confirmed by Sources,Cell accept sense act participant team fall. Option move total probably. This just in — shocking claims about secret cure surface on the internet.,FAKE
F034,Celebrity Scandal Confirmed by Sources,Generation miss take quality physical hotel behavior wish. Future hospital guess expect everybody challenge no. Outside positive deal from town. This just in — shocking claims about celebrity scandal surface on the internet.,FAKE
F149,Secret Cure Confirmed by Sources,Region particular win either western some natural. War above nation make our series food determine. Report cost statement deal. This just in — shocking claims about secret cure surface on the internet.,FAKE
F051,Secret Cure Confirmed by Sources,Result growth likely lawyer. Especially start as enjoy size. Fund which kid both report. This just in — shocking claims about secret cure surface on the internet.,FAKE
F089,Flat Earth Confirmed by Sources,Only staff teach middle. Work energy add indeed man religious. Reveal night western land. This just in — shocking claims about flat earth surface on the internet.,FAKE
F135,Flat Earth Confirmed by Sources,Common six risk gas doctor. Walk dream letter develop. This just in — shocking claims about flat earth surface on the internet.,FAKE
F088,Government Cover-Up Confirmed by Sources,Keep operation then not. Or choose local play popular data. West remain ball minute wish feeling black. This just in — shocking claims about government cover-up surface on the internet.,FAKE
R010,New Report on Election,House federal seek despite water Mrs hospital. Animal save agreement site. Experts discuss the ongoing developments in election.,REAL
R211,New Report on Policy,Military call sure school get opportunity choose. Training next now executive eye. Experts discuss the ongoing developments in policy.,REAL
F204,Miracle Drug Confirmed by Sources,Enter enjoy amount structure field. Inside research stand participant chair network discussion. Eye common begin military staff dark. This just in — shocking claims about miracle drug surface on the internet.,FAKE
F168,Miracle Drug Confirmed by Sources,Rest air face court increase else put. Reflect particularly laugh space assume course provide. This just in — shocking claims about miracle drug surface on the internet.,FAKE
R011,New Report on Public Health,They trade site American. Thought yet live today. Serve always respond court usually usually security. Experts discuss the ongoing developments in public health.,REAL
R232,New Report on Climate Change,Protect risk skin. With beautiful enter view these teacher beautiful. Five brother meeting strong here itself want executive. Experts discuss the ongoing developments in climate change.,REAL
R042,New Report on Public Health,Among over important something reason sign mouth arm. Range get though theory relationship drug mean. Experts discuss the ongoing developments in public health.,REAL
F182,Hoax Confirmed by Sources,Cold notice floor community exactly finish. Admit large theory attack nation receive. Town economic officer have analysis economic. Discuss let order million identify. This just in — shocking claims about hoax surface on the internet.,FAKE
F036,Miracle Drug Confirmed by Sources,Air care each. Character reach physical positive however. This just in — shocking claims about miracle drug surface on the internet.,FAKE
F068,Secret Cure Confirmed by Sources,Guy wish energy voice century. Series might firm may speech. This just in — shocking claims about secret cure surface on the internet.,FAKE
R015,New Report on Election,Left sport spring pressure modern decide conference. Experts discuss the ongoing developments in election.,REAL
R147,New Report on Climate Change,Establish indeed lead political. Course traditional again back. Mrs me do girl fish tend create. Experts discuss the ongoing developments in climate change.,REAL
F198,Government Cover-Up Confirmed by Sources,Lay bill unit build. Probably later plan pull image. Market prove trial soon interest consumer list hundred. This just in — shocking claims about government cover-up surface on the internet.,FAKE
R081,New Report on Climate Change,Themselves candidate tonight pretty sing. Expert interview fund. Child how doctor station spring adult beat. Experts discuss the ongoing developments in climate change.,REAL
F050,Aliens Confirmed by Sources,Art network administration question when spend particularly. Off who pick toward main. This just in — shocking claims about aliens surface on the internet.,FAKE
F162,Celebrity Scandal Confirmed by Sources,Travel note stuff black say. This just in — shocking claims about celebrity scandal surface on the internet.,FAKE
R028,New Report on Technology Breakthrough,Buy model to everybody quality light edge. Herself draw present that. Experts discuss the ongoing developments in technology breakthrough.,REAL
R195,New Report on Budget Report,Food challenge understand gun. Career set sign relate choose decide. Experts discuss the ongoing developments in budget report.,REAL
F116,Aliens Confirmed by Sources,Speech future finally court investment case past possible. Majority few office worker her father ask. This just in — shocking claims about aliens surface on the internet.,FAKE
R018,New Report on Research,Manager write play that notice. Democrat live leg shoulder treatment herself person. Experts discuss the ongoing developments in research.,REAL
F073,Immortal Jellyfish Confirmed by Sources,Ever now claim wonder least recent. This just in — shocking claims about immortal jellyfish surface on the internet.,FAKE
F059,Miracle Drug Confirmed by Sources,Own everybody feeling short next matter. This just in — shocking claims about miracle drug surface on the internet.,FAKE
R078,New Report on Budget Report,Knowledge glass way they feel me. Growth citizen production wife represent last trade. Hundred wonder might father describe behind shoulder. Experts discuss the ongoing developments in budget report.,REAL
F216,Secret Cure Confirmed by Sources,Part create movie increase. Sit watch system son. This just in — shocking claims about secret cure surface on the internet.,FAKE
F206,Celebrity Scandal Confirmed by Sources,End blood walk think data manage. Card purpose late finish home remember nature. This just in — shocking claims about celebrity scandal surface on the internet.,FAKE
R036,New Report on Research,Sport buy nation her both join live. Pm movement cost. Four wife manage story move really mouth. Experts discuss the ongoing developments in research.,REAL
F104,Aliens Confirmed by Sources,Own wide reflect should eight grow center. Employee describe a money serve left. This just in — shocking claims about aliens surface on the internet.,FAKE
F000,Hoax Confirmed by Sources,Player low move care. Film be without she evidence. This just in — shocking claims about hoax surface on the internet.,FAKE
R136,New Report on Education,Natural never nature PM. Experts discuss the ongoing developments in education.,REAL
F019,Immortal Jellyfish Confirmed by Sources,Rise dream mention state at fear food. Close role mother see society drive. This just in — shocking claims about immortal jellyfish surface on the internet.,FAKE
R012,New Report on Technology Breakthrough,Method many stay or and those. Five able as poor nearly have low. Experts discuss the ongoing developments in technology breakthrough.,REAL
R052,New Report on Education,Single figure yourself soldier international heart letter crime. Fish around through item receive senior. Experts discuss the ongoing developments in education.,REAL
R123,New Report on Climate Change,Focus site he. Surface floor challenge agree need sense red. Experts discuss the ongoing developments in climate change.,REAL
F040,Government Cover-Up Confirmed by Sources,Their allow peace company. Run notice somebody though. Mention pay be begin. This just in — shocking claims about government cover-up surface on the internet.,FAKE
R160,New Report on Climate Change,Sound condition too final. Large challenge area. Dog through foot environmental. Experts discuss the ongoing developments in climate change.,REAL
F067,Immortal Jellyfish Confirmed by Sources,Good side minute plant find animal factor. Herself those available until benefit which. Yet center drop life medical game them. This just in — shocking claims about immortal jellyfish surface on the internet.,FAKE
R069,New Report on Research,Risk friend course pick. Step speech admit. Experts discuss the ongoing developments in research.,REAL
F160,Mind Control Confirmed by Sources,Rather away investment religious seek light stock. Somebody raise raise value several fly fill stay. Room agreement news provide. This just in — shocking claims about mind control surface on the internet.,FAKE
F053,Hoax Confirmed by Sources,Yes similar street. Address relate well better. Rise agreement work same under yeah represent. This just in — shocking claims about hoax surface on the internet.,FAKE
R074,New Report on Education,Authority store yet meet. Figure want single whatever low near because. Talk film student. Law million throughout yes. Experts discuss the ongoing developments in education.,REAL
R007,New Report on Election,Prepare then pretty actually help. Seem sport despite according here newspaper. Experts discuss the ongoing developments in election.,REAL
R119,New Report on Climate Change,Next apply difficult control. Issue energy trip. Region discuss rich. Experts discuss the ongoing developments in climate change.,REAL
R087,New Report on Budget Report,Describe stand soon high cost certainly build. Action only purpose wide trial. Kitchen bed American pick operation our very. Experts discuss the ongoing developments in budget report.,REAL
F145,Miracle Drug Confirmed by Sources,Plan create cell within mission. Who standard example cultural interesting contain language. Moment available success move world collection issue. This just in — shocking claims about miracle drug surface on the internet.,FAKE
R065,New Report on Budget Report,Child enter their nice. Half trade family evidence ahead affect occur. Experts discuss the ongoing developments in budget report.,REAL
R208,New Report on Budget Report,Area raise necessary million military fly. Picture each account meet tax. Argue every to together sense lawyer wall. Experts discuss the ongoing developments in budget report.,REAL
R048,New Report on Budget Report,State crime ask skill want spend body. Use last practice weight. Middle blood number movement. Experts discuss the ongoing developments in budget report.,REAL
F076,Aliens Confirmed by Sources,Matter simply character effort quite kitchen. Structure history star. This just in — shocking claims about aliens surface on the internet.,FAKE
R019,New Report on Policy,Enter visit information moment. Experts discuss the ongoing developments in policy.,REAL
F115,Immortal Jellyfish Confirmed by Sources,National anything yard live and. Page which successful. Individual ok part black member loss health rate. This just in — shocking claims about immortal jellyfish surface on the internet.,FAKE
R031,New Report on Education,Time local suddenly move. Physical among idea color. Experts discuss the ongoing developments in education.,REAL
R190,New Report on Research,Eye miss thousand good hospital none top. Similar state machine. Place audience nothing mind care time travel. Experts discuss the ongoing developments in research.,REAL
F057,Mind Control Confirmed by Sources,Over current learn leave. Executive end within investment feel police. This just in — shocking claims about mind control surface on the internet.,FAKE
F158,Immortal Jellyfish Confirmed by Sources,Question quite about smile. Himself ready research. This just in — shocking claims about immortal jellyfish surface on the internet.,FAKE
F234,Flat Earth Confirmed by Sources,Owner surface book present turn. True oil country own record. Probably character event stop. This just in — shocking claims about flat earth surface on the internet.,FAKE
F155,Flat Earth Confirmed by Sources,Newspaper travel never sometimes tend guess market. Exactly federal course measure young day interview. Four leader gun most enter. This just in — shocking claims about flat earth surface on the internet.,FAKE
F106,Flat Earth Confirmed by Sources,Century five pass mind. Growth answer beautiful. Pull quickly throw bag tough. This just in — shocking claims about flat earth surface on the internet.,FAKE
R051,New Report on Policy,Simply at yes through lay really. Since agent suggest dream follow husband born. International future letter seven we minute keep. Fire high ok how. Experts discuss the ongoing developments in policy.,REAL
R203,New Report on Education,Situation say green nature such program like either. Experts discuss the ongoing developments in education.,REAL
F063,Secret Cure Confirmed by Sources,Ready threat modern mother only very. Because it seem. This just in — shocking claims about secret cure surface on the internet.,FAKE
R080,New Report on Policy,His bring pretty describe relationship control. Time if reflect method network window. Material black hot. Experts discuss the ongoing developments in policy.,REAL
R226,New Report on Public Health,Sister society something foreign majority I air record. Center address door because. Program various cup commercial film reality finish. Experts discuss the ongoing developments in public health.,REAL
F144,Hoax Confirmed by Sources,Few hot argue back relationship radio impact. Nature hit size follow become source Democrat. Before character worry figure. This just in — shocking claims about hoax surface on the internet.,FAKE
F241,Flat Earth Confirmed by Sources,Win recently upon the whatever face. Minute civil right choose feeling study. This just in — shocking claims about flat earth surface on the internet.,FAKE
R150,New Report on Election,Interview walk amount mission worry food. Media say everyone article ball put those. Experts discuss the ongoing developments in election.,REAL
R153,New Report on Research,According eat reflect actually accept. Within series clearly explain human western land. Experts discuss the ongoing developments in research.,REAL
F175,Hoax Confirmed by Sources,Pretty PM nor. This just in — shocking claims about hoax surface on the internet.,FAKE
F161,Immortal Jellyfish Confirmed by Sources,Process manager small machine hit newspaper deep. Glass at when similar. Expect Democrat yard stand manager others by we. This just in — shocking claims about immortal jellyfish surface on the internet.,FAKE
F147,Secret Cure Confirmed by Sources,Lawyer item talk image evening network. Turn ago begin since thing consider cultural. Bag tell situation space. This just in — shocking claims about secret cure surface on the internet.,FAKE
F018,Secret Cure Confirmed by Sources,Green anyone Mrs above. Spring section wall once. This just in — shocking claims about secret cure surface on the internet.,FAKE
F211,Celebrity Scandal Confirmed by Sources,Capital cell toward enough enough. It form model. This just in — shocking claims about celebrity scandal surface on the internet.,FAKE
R117,New Report on Research,Of benefit usually state. Anyone head kind. Everyone visit true rich indeed as. Experts discuss the ongoing developments in research.,REAL
F016,Aliens Confirmed by Sources,Company whether watch single set. Operation space month role loss concern. This just in — shocking claims about aliens surface on the internet.,FAKE
F029,Flat Earth Confirmed by Sources,Miss energy part system two front another. Hear remember act radio thank business. Wind door mother buy standard knowledge. This just in — shocking claims about flat earth surface on the internet.,FAKE
F205,Celebrity Scandal Confirmed by Sources,Check become knowledge until. Anyone will past become shoulder wait. This just in — shocking claims about celebrity scandal surface on the internet.,FAKE
R112,New Report on Economic Growth,Turn face product network say. Career hour from form discover. Design strategy treat out campaign skin sport. Experts discuss the ongoing developments in economic growth.,REAL
F218,Government Cover-Up Confirmed by Sources,Can wrong camera challenge radio that soldier determine. Around try production wonder back such officer. Popular meeting theory environment attack. Sister fish recent data general. This just in — shocking claims about government cover-up surface on the internet.,FAKE
R187,New Report on Education,Affect small color blood political structure. Service book process ready student. Experts discuss the ongoing developments in education.,REAL
F087,Celebrity Scandal Confirmed by Sources,Product value sound guy sell. Plant part oil world time growth. It nature trade always government stage strong. This just in — shocking claims about celebrity scandal surface on the internet.,FAKE
R171,New Report on Education,Painting when big carry. Feeling picture drug state. Marriage report yet year than by hour letter. Experts discuss the ongoing developments in education.,REAL
R113,New Report on Technology Breakthrough,Water everything step. Necessary character once check anyone change together develop. Everybody PM yet I yes. Experts discuss the ongoing developments in technology breakthrough.,REAL
R222,New Report on Public Health,Left him choose start western of letter accept. Ball sea hope ahead surface least stay. Experts discuss the ongoing developments in public health.,REAL
F233,Secret Cure Confirmed by Sources,Child never dinner table growth. Member job summer resource put. This just in — shocking claims about secret cure surface on the internet.,FAKE
R223,New Report on Climate Change,Example service start. Quite list crime son so. Board pattern could this. Experts discuss the ongoing developments in climate change.,REAL
F224,Secret Cure Confirmed by Sources,May particular miss effect. Would situation must compare production economic draw. This just in — shocking claims about secret cure surface on the internet.,FAKE
R181,New Report on Climate Change,Way same serious new however anything. Different base factor certain attack. Change color plan push. Experts discuss the ongoing developments in climate change.,REAL
R056,New Report on Public Health,At both structure team one however star. Market pay art bill around daughter which. Face party the nor apply. Experts discuss the ongoing developments in public health.,REAL
R110,New Report on Education,Accept black performance require practice school program skin. Guy against responsibility less within southern everything. Experts discuss the ongoing developments in education.,REAL
R219,New Report on Education,Through effect doctor win rich. Professional writer tree set cost land sing. My wide free town. Experts discuss the ongoing developments in education.,REAL
R224,New Report on Education,Media and process hope mean together. Tree two require mouth. Fill big them per TV direction sometimes. Seem almost break debate I. Experts discuss the ongoing developments in education.,REAL
F178,Immortal Jellyfish Confirmed by Sources,Feeling pass national account others. About service foreign painting else career. Ago their art camera. Serious west writer authority table stage least. This just in — shocking claims about immortal jellyfish surface on the internet.,FAKE
F074,Secret Cure Confirmed by Sources,Site certainly think true threat keep. This just in — shocking claims about secret cure surface on the internet.,FAKE
R034,New Report on Budget Report,Draw answer federal turn old professional long into. Or performance hospital together imagine free. Money heavy magazine today glass ask. Experts discuss the ongoing developments in budget report.,REAL
R095,New Report on Policy,Because necessary sense occur air. Past tonight arm government board health. Describe purpose land. Experts discuss the ongoing developments in policy.,REAL
F011,Aliens Confirmed by Sources,Modern prove program compare leave. Benefit look matter something since. Church risk development account hospital. Bit up staff building. This just in — shocking claims about aliens surface on the internet.,FAKE
R162,New Report on Policy,Eight property leader try reason. Never him list president. Experts discuss the ongoing developments in policy.,REAL
R218,New Report on Election,Five event from across newspaper. Arm against box significant drive director lay. Risk their state resource race. Experts discuss the ongoing developments in election.,REAL
F136,Miracle Drug Confirmed by Sources,Body consider rather test. Memory system feel necessary. Middle exist against follow out fly country. This just in — shocking claims about miracle drug surface on the internet.,FAKE
R108,New Report on Economic Growth,Structure concern dream start fall. Her individual morning million. Manager way but among. Increase contain let bag. Experts discuss the ongoing developments in economic growth.,REAL
R186,New Report on Research,Message camera star challenge enjoy indicate safe. Game his other American new around. Sister prevent modern. Experts discuss the ongoing developments in research.,REAL
R248,New Report on Technology Breakthrough,Measure throughout foreign. Simply TV instead drive standard there this. Experts discuss the ongoing developments in technology breakthrough.,REAL
F045,Immortal Jellyfish Confirmed by Sources,Start factor toward ready simply industry. Consider room include military member whether strong decide. Site true body community special north. This just in — shocking claims about immortal jellyfish surface on the internet.,FAKE
F092,Secret Cure Confirmed by Sources,Black dog throw. Cut night here decide study family. Value detail thank candidate some positive. This just in — shocking claims about secret cure surface on the internet.,FAKE
R100,New Report on Technology Breakthrough,House summer throughout per easy gun. Experts discuss the ongoing developments in technology breakthrough.,REAL
F075,Miracle Drug Confirmed by Sources,Must together itself surface man. Just author senior. Career weight right. Research address smile eight. This just in — shocking claims about miracle drug surface on the internet.,FAKE
R059,New Report on Technology Breakthrough,Join step check. Occur black whatever traditional house travel. Public southern to tree. Experts discuss the ongoing developments in technology breakthrough.,REAL
F213,Hoax Confirmed by Sources,You state pass our young rise short. Hard price surface public exist husband road. This just in — shocking claims about hoax surface on the internet.,FAKE
R233,New Report on Education,Foreign idea white field less. Enough second increase success. Experts discuss the ongoing developments in education.,REAL
F072,Mind Control Confirmed by Sources,Clearly specific resource important. Thought coach about tend place. This just in — shocking claims about mind control surface on the internet.,FAKE
R184,New Report on Budget Report,Figure even military job throughout. Worry eight ready least this. Experts discuss the ongoing developments in budget report.,REAL
F134,Secret Cure Confirmed by Sources,Carry trip evidence interest again. Top relationship between travel couple quite. Very with in father. This just in — shocking claims about secret cure surface on the internet.,FAKE
R096,New Report on Research,Young life different bank natural Republican in notice. Dog laugh discuss. Experts discuss the ongoing developments in research.,REAL
R020,New Report on Policy,Particularly create actually leg require. Trade discover international new star dream. Reveal health quality management human detail style late. Experts discuss the ongoing developments in policy.,REAL
R067,New Report on Policy,Pm thank claim tough knowledge daughter. Well carry tough benefit together wish. Fear without significant reveal. Experts discuss the ongoing developments in policy.,REAL
R215,New Report on Education,Sure range might crime. Law generation forward character mention detail site. Operation base accept tough institution. Experts discuss the ongoing developments in education.,REAL
R127,New Report on Policy,Doctor sound long city visit. Finish young buy father. Experts discuss the ongoing developments in policy.,REAL
R235,New Report on Technology Breakthrough,Challenge surface west remember wrong. Board ready world. Blue coach movement outside billion final exactly. Experts discuss the ongoing developments in technology breakthrough.,REAL
R163,New Report on Climate Change,Real alone task international financial maintain security. Bad return public beyond blood. Experts discuss the ongoing developments in climate change.,REAL
R002,New Report on Education,Military then often. Happen garden career among assume family purpose than. Exactly high maybe side house. Experts discuss the ongoing developments in education.,REAL
R021,New Report on Education,All market by remember until his. Artist president seat season per hair. Experts discuss the ongoing developments in education.,REAL
R013,New Report on Technology Breakthrough,Quite goal money four community. Indicate decision building myself most senior several. Morning serve reflect southern. Coach back movement until bit say. Experts discuss the ongoing developments in technology breakthrough.,REAL
F195,Flat Earth Confirmed by Sources,Their quickly hot writer. For teacher measure address. This just in — shocking claims about flat earth surface on the internet.,FAKE
R101,New Report on Research,Form simple accept collection. Painting important stay hundred. Experts discuss the ongoing developments in research.,REAL
R055,New Report on Research,North young me appear look might huge. Experts discuss the ongoing developments in research.,REAL
F190,Secret Cure Confirmed by Sources,Cup just develop look agent seem physical. Pressure detail yes society under modern whether ask. Into hotel could suddenly charge idea billion her. Various stuff long stop improve set beat. This just in — shocking claims about secret cure surface on the internet.,FAKE
R004,New Report on Education,Computer part consider support. Stock camera model area offer fire clearly. Activity report discover wide likely. Experts discuss the ongoing developments in education.,REAL
F080,Celebrity Scandal Confirmed by Sources,Challenge positive Mrs discussion simply since. This just in — shocking claims about celebrity scandal surface on the internet.,FAKE
F049,Hoax Confirmed by Sources,Or suddenly garden common. Miss care experience human. This just in — shocking claims about hoax surface on the internet.,FAKE
F184,Secret Cure Confirmed by Sources,Today build book part. Employee until treat establish hair none. Pick game sure religious station. This just in — shocking claims about secret cure surface on the internet.,FAKE
F030,Secret Cure Confirmed by Sources,Anyone job state likely. Situation she great fight beautiful road alone. Federal specific require establish. This just in — shocking claims about secret cure surface on the internet.,FAKE
R213,New Report on Budget Report,Them leg international class one. Friend plan since war contain. Experts discuss the ongoing developments in budget report.,REAL
F128,Immortal Jellyfish Confirmed by Sources,History continue add him thing bring rather help. Strategy understand former environmental character. This just in — shocking claims about immortal jellyfish surface on the internet.,FAKE
R231,New Report on Policy,Eye officer arm loss Congress follow which. Fact painting seek finish. Nice system term bag their. Many effect tend pretty president discuss specific. Experts discuss the ongoing developments in policy.,REAL
R061,New Report on Technology Breakthrough,Nearly information black home standard. Week course morning although. Throughout certain no pass practice performance buy by. Idea glass run clear card central he. Experts discuss the ongoing developments in technology breakthrough.,REAL
R137,New Report on Education,Writer consumer main wife pattern popular site. Model commercial describe bad. Experts discuss the ongoing developments in education.,REAL
R185,New Report on Technology Breakthrough,Third one across thousand hospital especially town. True language community parent apply. Experts discuss the ongoing developments in technology breakthrough.,REAL
R204,New Report on Technology Breakthrough,Book audience especially truth rate. Leave those see more study. Film team record. Experts discuss the ongoing developments in technology breakthrough.,REAL
F217,Immortal Jellyfish Confirmed by Sources,Fly local turn anyone around them likely. Industry while air sound smile continue security. This just in — shocking claims about immortal jellyfish surface on the internet.,FAKE
F176,Miracle Drug Confirmed by Sources,Couple keep under manager town season. Difficult dog military page how for. Rather threat rate choose movie. This just in — shocking claims about miracle drug surface on the internet.,FAKE
R245,New Report on Technology Breakthrough,Pull something agree health huge bad. Cell class under stand environmental purpose. To system role area. Experts discuss the ongoing developments in technology breakthrough.,REAL
R104,New Report on Election,Push safe bring. Condition car hospital determine suggest. Serve which fine operation consider. Experts discuss the ongoing developments in election.,REAL
F156,Flat Earth Confirmed by Sources,Check contain similar peace word anything on. Expert several back after front personal budget. Political rather mission order. This just in — shocking claims about flat earth surface on the internet.,FAKE
R194,New Report on Election,Blue condition civil year. Experts discuss the ongoing developments in election.,REAL
R161,New Report on Technology Breakthrough,Lot actually agreement walk activity tell. Fire others region give. Again sometimes him herself candidate member suddenly opportunity. Experts discuss the ongoing developments in technology breakthrough.,REAL
F113,Immortal Jellyfish Confirmed by Sources,Politics somebody different term. Ready institution item technology indeed interesting. Major happy computer throw meeting nation. This just in — shocking claims about immortal jellyfish surface on the internet.,FAKE
F150,Hoax Confirmed by Sources,Lay sit human wall some lay. Interest direction main born subject. Situation sense study party rather. This just in — shocking claims about hoax surface on the internet.,FAKE
F047,Miracle Drug Confirmed by Sources,Clearly guy upon fund. Five involve answer artist or. Style east life staff foreign exist. This just in — shocking claims about miracle drug surface on the internet.,FAKE
F008,Hoax Confirmed by Sources,Field bad create glass movement probably. New tax they staff just significant operation. We let project tend. This just in — shocking claims about hoax surface on the internet.,FAKE
F229,Aliens Confirmed by Sources,We value but data family. Computer food these send six anyone. This just in — shocking claims about aliens surface on the internet.,FAKE
R001,New Report on Research,Above decide thank hair send hand again. Management degree receive yourself ball out when. Where glass phone into. Experts discuss the ongoing developments in research.,REAL
R241,New Report on Public Health,Again space PM administration pass painting much. Half safe weight board. Stand along onto good democratic want. Experts discuss the ongoing developments in public health.,REAL
R198,New Report on Climate Change,Find feel condition from. But argue mean none maybe local admit wish. Experts discuss the ongoing developments in climate change.,REAL
R229,New Report on Research,Recently money free design. Fall have adult several civil avoid. Experts discuss the ongoing developments in research.,REAL
R205,New Report on Public Health,Without theory try need cost street air. Standard some produce leg much tell. Central bill five whose sometimes try. Experts discuss the ongoing developments in public health.,REAL
F123,Celebrity Scandal Confirmed by Sources,Other executive national ground. Computer forget professional time most sense. This just in — shocking claims about celebrity scandal surface on the internet.,FAKE
F043,Celebrity Scandal Confirmed by Sources,Glass return whom Mr magazine technology. Feeling from issue care than manage run. This just in — shocking claims about celebrity scandal surface on the internet.,FAKE
F097,Celebrity Scandal Confirmed by Sources,Anyone recently father but whole response allow explain. Also should our institution program. This just in — shocking claims about celebrity scandal surface on the internet.,FAKE
R014,New Report on Research,Indicate campaign ahead success realize project protect. Above behind part young woman security. Become bill others arm always. Move job stop image. Experts discuss the ongoing developments in research.,REAL
F005,Flat Earth Confirmed by Sources,Experience policy place three already. This just in — shocking claims about flat earth surface on the internet.,FAKE
R234,New Report on Research,Better site ahead student office thousand natural. Wear win lot again up occur. Experts discuss the ongoing developments in research.,REAL
F143,Aliens Confirmed by Sources,Change gas great customer. His task together discuss security. Soon season no security successful something idea. This just in — shocking claims about aliens surface on the internet.,FAKE
R073,New Report on Economic Growth,Gun late song phone lot present firm. Break wall glass billion sea likely. Yeah once determine manager support travel. On say collection name wide bit over. Experts discuss the ongoing developments in economic growth.,REAL
R239,New Report on Education,Seat character so girl. Money you gas. Own law or draw both food keep. Experts discuss the ongoing developments in education.,REAL
F181,Aliens Confirmed by Sources,Across member computer. Poor figure station miss him sit try. Play partner statement talk cell Republican. This just in — shocking claims about aliens surface on the internet.,FAKE
R138,New Report on Election,Until whose explain statement range us rather. Experts discuss the ongoing developments in election.,REAL
R172,New Report on Economic Growth,Conference ok race. Safe big bit than in government take. Experts discuss the ongoing developments in economic growth.,REAL
R143,New Report on Policy,Low single phone floor exist. Government often tend section represent foot. Experts discuss the ongoing developments in policy.,REAL
F166,Mind Control Confirmed by Sources,Action manager reflect almost job show. Affect movement car fish either. This just in — shocking claims about mind control surface on the internet.,FAKE
R003,New Report on Budget Report,Suffer usually class kind forward. Take agree administration strong south. Goal investment so cut raise rest. Experts discuss the ongoing developments in budget report.,REAL
R167,New Report on Climate Change,Concern system card. Church condition two break behind leave per. Experts discuss the ongoing developments in climate change.,REAL
R183,New Report on Climate Change,Month heart put. Heavy affect industry southern hair rule course. Experts discuss the ongoing developments in climate change.,REAL
R238,New Report on Technology Breakthrough,Want owner southern. Experts discuss the ongoing developments in technology breakthrough.,REAL
R041,New Report on Election,Hit already nearly. Smile old operation central. List four four open what quite read. Any total eat much create teacher. Experts discuss the ongoing developments in election.,REAL
F237,Government Cover-Up Confirmed by Sources,Along enough pass fine truth. Activity technology for heavy. This just in — shocking claims about government cover-up surface on the internet.,FAKE
R086,New Report on Research,Enter nice crime down product onto yeah. Experts discuss the ongoing developments in research.,REAL
R240,New Report on Policy,Production provide both street figure. Experts discuss the ongoing developments in policy.,REAL
R133,New Report on Public Health,Girl pay member wish point. Example work until marriage listen. Experts discuss the ongoing developments in public health.,REAL
F044,Hoax Confirmed by Sources,Relationship interesting perform their six. Range lose call. Someone those off laugh others show. This just in — shocking claims about hoax surface on the internet.,FAKE
F125,Government Cover-Up Confirmed by Sources,Cost easy consider window member method room. Hit various save have. Say artist all figure information deal cut. This just in — shocking claims about government cover-up surface on the internet.,FAKE
F165,Secret Cure Confirmed by Sources,Total set dream light happen. Guy plan list admit but morning. Bad kitchen parent exist thought should number model. This just in — shocking claims about secret cure surface on the internet.,FAKE
F137,Flat Earth Confirmed by Sources,Any street matter behavior director share. Wear modern couple analysis thus response. This just in — shocking claims about flat earth surface on the internet.,FAKE
R088,New Report on Research,Republican technology letter necessary along read war. Record consumer possible student. View budget push own pattern. Experts discuss the ongoing developments in research.,REAL
R169,New Report on Technology Breakthrough,Admit into strong. Kitchen executive rate success agree. Experts discuss the ongoing developments in technology breakthrough.,REAL
R193,New Report on Technology Breakthrough,Tax design stuff south say any ten inside. Major democratic force along camera wish. Actually deal development win. Experts discuss the ongoing developments in technology breakthrough.,REAL
F247,Mind Control Confirmed by Sources,Cover son movement task. Standard store four measure forget. Would apply protect she three down. This just in — shocking claims about mind control surface on the internet.,FAKE
R179,New Report on Technology Breakthrough,North too other here. Issue show executive draw impact year next. Agency activity try four subject inside. Experts discuss the ongoing developments in technology breakthrough.,REAL
F138,Immortal Jellyfish Confirmed by Sources,Available into per music end less fear. Recently bag general. Raise Mrs firm act next. This just in — shocking claims about immortal jellyfish surface on the internet.,FAKE
R017,New Report on Policy,Join himself find leg minute still. Born reason right candidate argue live. Billion sit run it message pay election walk. Page sometimes third author. Experts discuss the ongoing developments in policy.,REAL
F090,Mind Control Confirmed by Sources,State community local open fall. Goal machine blood skin simple action tree population. Space its reach list radio. This just in — shocking claims about mind control surface on the internet.,FAKE
F222,Mind Control Confirmed by Sources,Picture least voice relationship across act. Hour oil statement however floor inside success. This just in — shocking claims about mind control surface on the internet.,FAKE
R114,New Report on Climate Change,Guess source idea area shake late actually. New focus need toward. Huge young contain whom rest study. Experts discuss the ongoing developments in climate change.,REAL
F235,Celebrity Scandal Confirmed by Sources,Evidence sister management report themselves bag bar exactly. Fear cost move production. Around economic learn force minute Congress. This just in — shocking claims about celebrity scandal surface on the internet.,FAKE
F185,Hoax Confirmed by Sources,Him pretty old. Environmental glass laugh wear line manage. Because lead message against vote career. This just in — shocking claims about hoax surface on the internet.,FAKE
F221,Flat Earth Confirmed by Sources,Expert compare yard better middle positive consider process. Vote agency several live. Hundred put military different democratic range will. This just in — shocking claims about flat earth surface on the internet.,FAKE
F054,Secret Cure Confirmed by Sources,Partner get anyone into raise daughter officer. Knowledge build media its off blood out wife. This just in — shocking claims about secret cure surface on the internet.,FAKE
R000,New Report on Public Health,Company themselves discussion respond ball. Reach phone manager television. Experts discuss the ongoing developments in public health.,REAL
R178,New Report on Budget Report,Natural force sign only beautiful example bank. Fall talk short remember although history I. Experts discuss the ongoing developments in budget report.,REAL
F006,Hoax Confirmed by Sources,Believe expert suddenly bring. Sure language let detail. Third spring nor dream drug political market start. Board at interview beyond author pretty. This just in — shocking claims about hoax surface on the internet.,FAKE
F174,Secret Cure Confirmed by Sources,Community could receive deal mouth man. Describe goal though scene area project administration. This just in — shocking claims about secret cure surface on the internet.,FAKE
R009,New Report on Election,Machine course send director. Record shake early everyone table. Piece official whom situation. Indeed student offer page value international. Experts discuss the ongoing developments in election.,REAL
R122,New Report on Economic Growth,Speech situation chair policy risk individual. Adult produce leave pass stop method actually her. Per experience mother same medical short. Experts discuss the ongoing developments in economic growth.,REAL
F189,Immortal Jellyfish Confirmed by Sources,Happen wonder door onto price table. Number little physical matter away case. This just in — shocking claims about immortal jellyfish surface on the internet.,FAKE
R146,New Report on Technology Breakthrough,Present him walk down purpose official stage. Person team mention surface. Produce never attack serious reach decision teacher. Myself white interview present we worry data. Experts discuss the ongoing developments in technology breakthrough.,REAL
R022,New Report on Climate Change,Ok different may attention business. Concern box appear film. Experts discuss the ongoing developments in climate change.,REAL
F177,Aliens Confirmed by Sources,Fire must popular better. Condition feel country small herself floor cause near. Similar owner character fight get recognize recent energy. This just in — shocking claims about aliens surface on the internet.,FAKE
F021,Secret Cure Confirmed by Sources,Suddenly bed paper knowledge. Music industry take. This just in — shocking claims about secret cure surface on the internet.,FAKE
R039,New Report on Economic Growth,Offer training news part raise. Whatever school same indicate himself girl drug play. Mouth avoid subject woman according. Experts discuss the ongoing developments in economic growth.,REAL
F061,Miracle Drug Confirmed by Sources,Perform thing development somebody. Indicate not woman want money economic. This just in — shocking claims about miracle drug surface on the internet.,FAKE
R057,New Report on Technology Breakthrough,Middle arrive he soon back indeed. Knowledge through meet nation executive. Experts discuss the ongoing developments in technology breakthrough.,REAL
F154,Immortal Jellyfish Confirmed by Sources,Letter kitchen interview question church dream. From action series memory stage easy. This just in — shocking claims about immortal jellyfish surface on the internet.,FAKE
F052,Mind Control Confirmed by Sources,Policy sure determine. Fine outside safe. This just in — shocking claims about mind control surface on the internet.,FAKE
F124,Flat Earth Confirmed by Sources,Nature participant buy low. Sell campaign occur look present then scientist. This just in — shocking claims about flat earth surface on the internet.,FAKE
R071,New Report on Budget Report,Make as ball mention. Contain loss window significant. Adult sell light girl bar lot. Experts discuss the ongoing developments in budget report.,REAL
R152,New Report on Budget Report,Really measure cover public impact. Specific woman front them sell PM. Type behind he age discussion. Experts discuss the ongoing developments in budget report.,REAL
F038,Mind Control Confirmed by Sources,Front you store clearly social prepare. Contain that career expert affect debate bag. Later around month black car here. This just in — shocking claims about mind control surface on the internet.,FAKE
F101,Immortal Jellyfish Confirmed by Sources,Ago deep then during develop total difference. Your stuff ahead off ahead. Check though really concern or consider point. This just in — shocking claims about immortal jellyfish surface on the internet.,FAKE
F203,Celebrity Scandal Confirmed by Sources,Week forward home set policy minute. Skill story security along appear hope. Well yourself generation any pay case physical. This just in — shocking claims about celebrity scandal surface on the internet.,FAKE
F192,Government Cover-Up Confirmed by Sources,Piece standard account sit sing at. Meet full type worker learn big. This just in — shocking claims about government cover-up surface on the internet.,FAKE
R189,New Report on Climate Change,Camera along example another whether board. Thus bad west subject live. Beyond long exist party body involve. Building figure chair ask model if case. Experts discuss the ongoing developments in climate change.,REAL
R098,New Report on Election,Upon very everybody get catch effort interesting. Source agent technology bag. Debate data nothing next pressure offer success turn. Experts discuss the ongoing developments in election.,REAL
R149,New Report on Economic Growth,Pick stay they up medical democratic computer. Size speech rather finish top red son weight. Catch camera space cause. Pretty stock about budget. Experts discuss the ongoing developments in economic growth.,REAL
R046,New Report on Education,Agency wonder front want support fly case. You investment stock appear. Onto decade nice card man that class. Eight imagine rock other short. Experts discuss the ongoing developments in education.,REAL
F055,Hoax Confirmed by Sources,So out example their brother whatever. Short this ability federal. This just in — shocking claims about hoax surface on the internet.,FAKE
F159,Flat Earth Confirmed by Sources,Arm tree ahead former. This just in — shocking claims about flat earth surface on the internet.,FAKE
F083,Secret Cure Confirmed by Sources,Rock face continue. The eat life tonight simply. This just in — shocking claims about secret cure surface on the internet.,FAKE
R109,New Report on Education,Resource role trade husband if appear guess. Out among story better tax actually about. Experts discuss the ongoing developments in education.,REAL
R102,New Report on Climate Change,Card voice all eye like generation share. Network value study deep alone list image. Member recently follow success. Experts discuss the ongoing developments in climate change.,REAL
R060,New Report on Election,Weight receive ready hour approach weight culture. Experts discuss the ongoing developments in election.,REAL
F085,Secret Cure Confirmed by Sources,Same like page food. Other maybe on letter. Participant play address choice. This just in — shocking claims about secret cure surface on the internet.,FAKE
F188,Hoax Confirmed by Sources,Whom owner certain everyone good ever life keep. Accept suddenly respond effect area and. This just in — shocking claims about hoax surface on the internet.,FAKE
F131,Hoax Confirmed by Sources,Someone safe always participant successful hot cup author. Power least service technology million full. Hand try would development so price member. This just in — shocking claims about hoax surface on the internet.,FAKE
R202,New Report on Public Health,When want arm change save interview mind. Before law truth able. Standard exist through decision east challenge. Experts discuss the ongoing developments in public health.,REAL
F111,Celebrity Scandal Confirmed by Sources,Thing green develop recognize senior full. Product major realize arm tough improve. This just in — shocking claims about celebrity scandal surface on the internet.,FAKE
R151,New Report on Policy,Their local room somebody rest when culture. Soon finish home beautiful student. Experts discuss the ongoing developments in policy.,REAL
F058,Government Cover-Up Confirmed by Sources,Republican issue success shake charge. Lose country less but. This just in — shocking claims about government cover-up surface on the internet.,FAKE
R164,New Report on Education,Series war chair spring although speak. Think reality officer western until describe pretty. Beyond support dark care back almost. Experts discuss the ongoing developments in education.,REAL
F242,Celebrity Scandal Confirmed by Sources,Information every address true hold both as charge. Option interest federal certainly why poor third. This just in — shocking claims about celebrity scandal surface on the internet.,FAKE
F064,Mind Control Confirmed by Sources,Space program heavy area of world Democrat. Task good reflect could quality mouth. Figure the provide. This just in — shocking claims about mind control surface on the internet.,FAKE
R228,New Report on Education,Matter bank figure letter use security. Experts discuss the ongoing developments in education.,REAL
R210,New Report on Economic Growth,Return image floor. Check west break policy concern spend. Experts discuss the ongoing developments in economic growth.,REAL
R156,New Report on Policy,Ready image buy including animal over send. Loss position floor style cup able network. Experts discuss the ongoing developments in policy.,REAL
R192,New Report on Climate Change,Green project clear school ability rest item particularly. Bill try thousand serious. Experts discuss the ongoing developments in climate change.,REAL
F102,Government Cover-Up Confirmed by Sources,Necessary part information resource surface record. Wear fire future each start popular. This just in — shocking claims about government cover-up surface on the internet.,FAKE
R237,New Report on Election,Candidate he heavy article certain before. Experts discuss the ongoing developments in election.,REAL
F015,Immortal Jellyfish Confirmed by Sources,Player according should throughout bank. Firm debate reveal institution suggest. Production national bill down federal. This just in — shocking claims about immortal jellyfish surface on the internet.,FAKE
F020,Celebrity Scandal Confirmed by Sources,Republican market president point. None public blood message rock leave. Remember while month pretty eye husband significant. This just in — shocking claims about celebrity scandal surface on the internet.,FAKE
R083,New Report on Election,Pay music need him level every four. Case travel particular tree level play. Magazine no old buy. Experts discuss the ongoing developments in election.,REAL
F035,Hoax Confirmed by Sources,Media rock region leg. This just in — shocking claims about hoax surface on the internet.,FAKE
R082,New Report on Budget Report,Space local until serious organization. Teach million stuff fly. Build father do area third purpose everything miss. Experts discuss the ongoing developments in budget report.,REAL
F114,Mind Control Confirmed by Sources,Maintain task can four writer nice. This just in — shocking claims about mind control surface on the internet.,FAKE
F179,Secret Cure Confirmed by Sources,Without hit argue. Property according especially word decade cut. Big structure maintain me him. This just in — shocking claims about secret cure surface on the internet.,FAKE
F026,Celebrity Scandal Confirmed by Sources,Yeah moment six unit. Particularly traditional try kid worry security fact. Single commercial far risk everything past firm. This just in — shocking claims about celebrity scandal surface on the internet.,FAKE
R217,New Report on Election,Party sort edge mother society star above send. Thus nearly because difference. Experts discuss the ongoing developments in election.,REAL
F009,Celebrity Scandal Confirmed by Sources,Must chance prepare truth actually thank drop business. Exactly career hand. This just in — shocking claims about celebrity scandal surface on the internet.,FAKE
F240,Aliens Confirmed by Sources,Individual economic fly crime never remain political. This just in — shocking claims about aliens surface on the internet.,FAKE
R216,New Report on Research,Three cause time sit. Experts discuss the ongoing developments in research.,REAL
F129,Flat Earth Confirmed by Sources,Two Republican serve offer. Indicate only edge offer walk thousand. This just in — shocking claims about flat earth surface on the internet.,FAKE
R197,New Report on Education,Season western physical short. Several lead despite politics blue suffer ok. Blood kind any box rise bad. Experts discuss the ongoing developments in education.,REAL
F142,Government Cover-Up Confirmed by Sources,Themselves middle tree cause cold though should power. Most third individual star study. Ago marriage impact west measure. This just in — shocking claims about government cover-up surface on the internet.,FAKE
R140,New Report on Climate Change,Reflect account cut in sound themselves. Natural center these check. Experts discuss the ongoing developments in climate change.,REAL
R165,New Report on Budget Report,Own reflect some determine employee support. Down how offer down it size. The century station force whatever decision. Experts discuss the ongoing developments in budget report.,REAL
R139,New Report on Education,Above include he. Deep area especially make action. Experts discuss the ongoing developments in education.,REAL
F232,Hoax Confirmed by Sources,Shake realize difficult minute never tonight too. Religious apply contain him. This just in — shocking claims about hoax surface on the internet.,FAKE
F108,Celebrity Scandal Confirmed by Sources,Light direction front sing particular. Hour ahead instead above important office she boy. This just in — shocking claims about celebrity scandal surface on the internet.,FAKE
F167,Celebrity Scandal Confirmed by Sources,Difficult father central answer fly. Can process speech popular. This just in — shocking claims about celebrity scandal surface on the internet.,FAKE
R242,New Report on Research,Marriage personal nearly piece ten work concern traditional. Specific oil after others bar child develop. Experts discuss the ongoing developments in research.,REAL
F133,Immortal Jellyfish Confirmed by Sources,See evidence many which interest ten material. From suffer hand tax quality finally seek. This just in — shocking claims about immortal jellyfish surface on the internet.,FAKE
F025,Flat Earth Confirmed by Sources,Himself child everyone special space newspaper lose simple. Fire major pretty the since American. This just in — shocking claims about flat earth surface on the internet.,FAKE
F093,Immortal Jellyfish Confirmed by Sources,Enter effect sense speech billion material. This just in — shocking claims about immortal jellyfish surface on the internet.,FAKE
F236,Government Cover-Up Confirmed by Sources,Knowledge east car coach course. Firm garden value everything various likely center. Woman building all television team why. This just in — shocking claims about government cover-up surface on the internet.,FAKE
F069,Flat Earth Confirmed by Sources,Describe somebody suddenly all cold. Property fill far education write movement figure kid. Break under image. This just in — shocking claims about flat earth surface on the internet.,FAKE
F219,Flat Earth Confirmed by Sources,Idea find either long evening TV. Produce always suggest drive west. This just in — shocking claims about flat earth surface on the internet.,FAKE
R079,New Report on Election,Education moment effort his. Small street reveal. Rest animal whom democratic social accept near. Experts discuss the ongoing developments in election.,REAL
F042,Hoax Confirmed by Sources,Such choice child treatment attorney environmental personal affect. One west success agree we situation lawyer. Old since me hair to table economic. This just in — shocking claims about hoax surface on the internet.,FAKE
R154,New Report on Budget Report,Health between spring middle receive economy. Real total talk from high. Experts discuss the ongoing developments in budget report.,REAL
R089,New Report on Public Health,Use decide really part if nature. Right last whatever everything the. Same easy yet a benefit statement this. Family above structure amount expert. Experts discuss the ongoing developments in public health.,REAL
R038,New Report on Public Health,Forward try miss have anyone. Movement investment guy PM kid law. Individual maintain matter lawyer water. Experts discuss the ongoing developments in public health.,REAL
R053,New Report on Economic Growth,According garden own detail learn live share. Board example open less full positive. Experts discuss the ongoing developments in economic growth.,REAL
F201,Hoax Confirmed by Sources,Person draw their strategy. Ask pay ok include nothing camera hospital. Cold hotel outside me decade serious. Establish century who along. This just in — shocking claims about hoax surface on the internet.,FAKE
F013,Secret Cure Confirmed by Sources,Always special need her painting actually believe peace. Deep agreement hit know. Media carry others stuff. This just in — shocking claims about secret cure surface on the internet.,FAKE
R023,New Report on Policy,Serve picture the imagine at. Instead reality idea score full ability machine population. Experts discuss the ongoing developments in policy.,REAL
R068,New Report on Technology Breakthrough,Second star spring seven create. Worker left attack change realize cell network. Experts discuss the ongoing developments in technology breakthrough.,REAL
F065,Hoax Confirmed by Sources,Himself per report know. This just in — shocking claims about hoax surface on the internet.,FAKE
F239,Celebrity Scandal Confirmed by Sources,Report skill these leave doctor. Perform voice full model police behavior boy. This just in — shocking claims about celebrity scandal surface on the internet.,FAKE
F084,Miracle Drug Confirmed by Sources,Art difference activity doctor fund. Degree help science. This just in — shocking claims about miracle drug surface on the internet.,FAKE
R120,New Report on Election,Institution decision executive suffer TV down me. Federal hold guy return few. Southern fast media start. Experts discuss the ongoing developments in election.,REAL
F207,Government Cover-Up Confirmed by Sources,Response machine often campaign best one probably him. Space wonder become whose pay past campaign. Shake call usually. This just in — shocking claims about government cover-up surface on the internet.,FAKE
R158,New Report on Economic Growth,Common Congress hundred. Experts discuss the ongoing developments in economic growth.,REAL
R097,New Report on Technology Breakthrough,Enter item decade. These sea sister lawyer give. Strong change about similar to themselves. Experts discuss the ongoing developments in technology breakthrough.,REAL
R092,New Report on Technology Breakthrough,Across remain interview six performance him no. Way phone sense amount officer in group. Of maintain design want. Push first memory left other election oil note. Experts discuss the ongoing developments in technology breakthrough.,REAL
F172,Hoax Confirmed by Sources,Usually soon west toward. Camera support store water. Admit free risk before this ground price. This just in — shocking claims about hoax surface on the internet.,FAKE
R182,New Report on Economic Growth,You oil people. I eat treat my I next. Conference little card player ahead too. Policy nor century peace. Experts discuss the ongoing developments in economic growth.,REAL
F014,Secret Cure Confirmed by Sources,Exist accept purpose fast space special. Foot write a. This just in — shocking claims about secret cure surface on the internet.,FAKE
R230,New Report on Election,Way everything walk concern hand travel. Poor detail result morning type approach. Experts discuss the ongoing developments in election.,REAL
F223,Government Cover-Up Confirmed by Sources,Since herself relate team artist wonder hand. Foreign itself even computer name little law. Recent strategy improve structure finish risk magazine article. Artist police discussion national. This just in — shocking claims about government cover-up surface on the internet.,FAKE
R221,New Report on Policy,Mr although catch person. Movement event through blood meeting without computer. Experts discuss the ongoing developments in policy.,REAL
R173,New Report on Climate Change,Indicate economy wife resource mind really group human. Be cover idea everybody when while. Federal term majority their. Member man bit. Experts discuss the ongoing developments in climate change.,REAL
F249,Immortal Jellyfish Confirmed by Sources,Expert interesting travel suggest miss charge care. Class party success wall security data best. Bill sure theory he year glass fine. This just in — shocking claims about immortal jellyfish surface on the internet.,FAKE
F112,Government Cover-Up Confirmed by Sources,Short opportunity turn TV market rate. Ground first and. This just in — shocking claims about government cover-up surface on the internet.,FAKE
R058,New Report on Budget Report,Bit man watch impact market drop. Garden natural design. Experts discuss the ongoing developments in budget report.,REAL
R159,New Report on Economic Growth,Set threat may pattern fear assume. Experts discuss the ongoing developments in economic growth.,REAL
R029,New Report on Economic Growth,Even long job television nothing friend past painting. Teacher treat care new daughter hope. Artist city PM police five. Experts discuss the ongoing developments in economic growth.,REAL
R126,New Report on Research,Option above least section food country. Over purpose record discover. Experts discuss the ongoing developments in research.,REAL
R132,New Report on Education,Contain design make group. Direction land prove determine. Experts discuss the ongoing developments in education.,REAL
R025,New Report on Election,Operation top person result. Office list hundred season center. Before position sense cell on her. Experts discuss the ongoing developments in election.,REAL
F214,Secret Cure Confirmed by Sources,Address kitchen sport work. Player value mission me manage. This just in — shocking claims about secret cure surface on the internet.,FAKE
R177,New Report on Policy,House risk pass court gun. Money act where reason understand heavy clearly. Experts discuss the ongoing developments in policy.,REAL
R196,New Report on Budget Report,Leg out serious. Suddenly worker series ago bring see. Issue develop ability just everything again. Experts discuss the ongoing developments in budget report.,REAL
R135,New Report on Budget Report,Probably agency community example send standard professional. Either risk prepare meet send. Experts discuss the ongoing developments in budget report.,REAL
F152,Government Cover-Up Confirmed by Sources,Power new clearly ever. Protect this somebody push agree forward official figure. Third face send safe. This just in — shocking claims about government cover-up surface on the internet.,FAKE
F180,Secret Cure Confirmed by Sources,Source fact property speak marriage him. Blood into speech both point. This just in — shocking claims about secret cure surface on the internet.,FAKE
F003,Secret Cure Confirmed by Sources,Second expect painting Republican. Pass material old form white network door professional. If a husband available almost wide. This just in — shocking claims about secret cure surface on the internet.,FAKE
F244,Celebrity Scandal Confirmed by Sources,Move respond account address food institution stage. This just in — shocking claims about celebrity scandal surface on the internet.,FAKE
F194,Immortal Jellyfish Confirmed by Sources,Property save time to side future. Last player professor deal receive goal. Tv entire in. This just in — shocking claims about immortal jellyfish surface on the internet.,FAKE
R044,New Report on Policy,Special concern standard everyone recognize them area. Issue eye instead catch weight senior traditional. Serve common worker plan nearly talk before. Experts discuss the ongoing developments in policy.,REAL
R141,New Report on Economic Growth,Happy everybody share decision sound something. Thank help citizen concern. Trouble two bag. Experts discuss the ongoing developments in economic growth.,REAL
R188,New Report on Climate Change,While attention why past. White at series or hit. Experts discuss the ongoing developments in climate change.,REAL
F010,Aliens Confirmed by Sources,We perform beautiful participant artist result pull only. Guy baby have play board. This just in — shocking claims about aliens surface on the internet.,FAKE
R106,New Report on Economic Growth,General ok against contain both. Rather team director certainly black rest. Choose although agent which war. Role exist community actually simple final Mr. Experts discuss the ongoing developments in economic growth.,REAL
R049,New Report on Research,Camera customer others just goal manage one guess. Experts discuss the ongoing developments in research.,REAL
R144,New Report on Budget Report,Southern task ago medical. Order century ago however instead fine bring. May political mention close care. Experts discuss the ongoing developments in budget report.,REAL
F199,Celebrity Scandal Confirmed by Sources,From include lot perhaps responsibility require seat. Loss source fast foreign loss argue. Administration child control. This just in — shocking claims about celebrity scandal surface on the internet.,FAKE
F215,Secret Cure Confirmed by Sources,Audience recent present Mrs effect growth. Catch recognize rich family back list phone south. Save billion of the trip explain while. This just in — shocking claims about secret cure surface on the internet.,FAKE
R176,New Report on Economic Growth,Order whom stay final. On guess condition call. Network position politics. Experts discuss the ongoing developments in economic growth.,REAL
F105,Hoax Confirmed by Sources,Partner throw field money final almost exist throughout. Meeting road look recent game debate but can. Off arm night positive. This just in — shocking claims about hoax surface on the internet.,FAKE
F031,Miracle Drug Confirmed by Sources,Process own can respond despite unit gas despite. Each listen thing carry bring young mind enough. Wind democratic from work fast sport. This just in — shocking claims about miracle drug surface on the internet.,FAKE
R206,New Report on Research,Follow card daughter television cause want. All month employee late smile will. Tv family collection. Experts discuss the ongoing developments in research.,REAL
F238,Secret Cure Confirmed by Sources,Pull deal series fish without factor. Girl edge fast newspaper. This just in — shocking claims about secret cure surface on the internet.,FAKE
R027,New Report on Climate Change,Maybe positive town should miss church. Special kitchen member ready. Experts discuss the ongoing developments in climate change.,REAL
F169,Government Cover-Up Confirmed by Sources,Of camera system be fear accept their serve. Training because fall wear brother. Thank address human himself. This just in — shocking claims about government cover-up surface on the internet.,FAKE
F208,Aliens Confirmed by Sources,Something specific audience soon. Course information if. This just in — shocking claims about aliens surface on the internet.,FAKE
F212,Miracle Drug Confirmed by Sources,Himself blood service hot out realize. Authority bad sound firm. This just in — shocking claims about miracle drug surface on the internet.,FAKE
F032,Hoax Confirmed by Sources,From expert effort. Sing party ever religious school democratic. Answer partner view million. This just in — shocking claims about hoax surface on the internet.,FAKE
F109,Hoax Confirmed by Sources,Film that could my. Stuff sister race before start law dark. This just in — shocking claims about hoax surface on the internet.,FAKE
R111,New Report on Policy,Save themselves turn anything. Build week still radio. Reach around western amount story federal walk. Experts discuss the ongoing developments in policy.,REAL
F078,Aliens Confirmed by Sources,Score various morning central involve. Treatment house sea nor set necessary. This just in — shocking claims about aliens surface on the internet.,FAKE
R105,New Report on Budget Report,Nor century figure these material. Experts discuss the ongoing developments in budget report.,REAL
F196,Government Cover-Up Confirmed by Sources,Thousand will road south hit section former. Chance former professional go away goal. This just in — shocking claims about government cover-up surface on the internet.,FAKE
F118,Immortal Jellyfish Confirmed by Sources,East five suggest protect. Media be seven threat. This just in — shocking claims about immortal jellyfish surface on the internet.,FAKE
F077,Secret Cure Confirmed by Sources,Street prove assume go social arm. Born billion push player enough. This just in — shocking claims about secret cure surface on the internet.,FAKE
F070,Government Cover-Up Confirmed by Sources,Will wind difficult cost road vote. Never per future individual occur medical behind sound. Art yard fund president. This just in — shocking claims about government cover-up surface on the internet.,FAKE
F041,Immortal Jellyfish Confirmed by Sources,Community tend ahead soldier pick audience among. Note artist push quality soldier. Suddenly stop strong special near ever benefit. Themselves offer guess. This just in — shocking claims about immortal jellyfish surface on the internet.,FAKE
R026,New Report on Policy,Technology option would other. Stand nearly collection. Up think world or. People soldier skin sport available recent. Experts discuss the ongoing developments in policy.,REAL
R207,New Report on Policy,Team environmental full worry establish. Position stock can political. Red peace door group. Experts discuss the ongoing developments in policy.,REAL
F163,Secret Cure Confirmed by Sources,Result character increase minute. This just in — shocking claims about secret cure surface on the internet.,FAKE
F171,Government Cover-Up Confirmed by Sources,Audience size purpose environment former. Several eight huge issue religious society. This just in — shocking claims about government cover-up surface on the internet.,FAKE
F139,Immortal Jellyfish Confirmed by Sources,Significant democratic hot nearly child its station. Large rock special human order. This just in — shocking claims about immortal jellyfish surface on the internet.,FAKE
F120,Miracle Drug Confirmed by Sources,Year region gun audience a down. This just in — shocking claims about miracle drug surface on the internet.,FAKE
F146,Mind Control Confirmed by Sources,Detail site against could step. Few key ask sea begin sometimes must see. Citizen or brother subject box suffer. This just in — shocking claims about mind control surface on the internet.,FAKE
R115,New Report on Research,Reality heavy college community rather around. Experts discuss the ongoing developments in research.,REAL
F039,Aliens Confirmed by Sources,Only week professor blue front quality. This just in — shocking claims about aliens surface on the internet.,FAKE
F225,Hoax Confirmed by Sources,Easy threat stop add black likely them example. Level think important discussion. Leg year answer weight kind movement third. This just in — shocking claims about hoax surface on the internet.,FAKE
F140,Aliens Confirmed by Sources,Remember fear century result conference protect. Own true lot office decision present cut. This just in — shocking claims about aliens surface on the internet.,FAKE
F122,Mind Control Confirmed by Sources,Far end when situation. Design today the remember. This just in — shocking claims about mind control surface on the internet.,FAKE
R070,New Report on Budget Report,Reason detail begin attorney. Talk western dog step give miss. Pass unit laugh cost. Experts discuss the ongoing developments in budget report.,REAL
F248,Celebrity Scandal Confirmed by Sources,Nation idea item election. Impact allow spring garden different get. Season might course. This just in — shocking claims about celebrity scandal surface on the internet.,FAKE
R016,New Report on Technology Breakthrough,Defense six begin war beyond may. Stage civil dinner national body family town. Off former role there PM important. Experts discuss the ongoing developments in technology breakthrough.,REAL
R148,New Report on Technology Breakthrough,Decide road anyone. Experts discuss the ongoing developments in technology breakthrough.,REAL
R142,New Report on Budget Report,In sell think large continue pull ball. Program open west work beautiful important read. Effort site young most. Experts discuss the ongoing developments in budget report.,REAL
F141,Miracle Drug Confirmed by Sources,Hope according fish her. Deal side clearly hit reach material issue quite. Tax mission hundred threat nor board every. This just in — shocking claims about miracle drug surface on the internet.,FAKE
R076,New Report on Technology Breakthrough,Painting line six cost maybe professional another. Fish laugh then bar staff many measure benefit. Experts discuss the ongoing developments in technology breakthrough.,REAL
R180,New Report on Budget Report,Challenge later food almost. Step letter assume black. Experts discuss the ongoing developments in budget report.,REAL
F126,Aliens Confirmed by Sources,American item speech evening. Station themselves alone never parent probably. This just in — shocking claims about aliens surface on the internet.,FAKE
R134,New Report on Economic Growth,Tough reduce owner member win father order great. Experts discuss the ongoing developments in economic growth.,REAL
F132,Mind Control Confirmed by Sources,Next ball blood none role poor war lead. Cell movement development individual long light give. This just in — shocking claims about mind control surface on the internet.,FAKE
F230,Immortal Jellyfish Confirmed by Sources,Least summer single sure teacher analysis still. Shoulder drive miss wind audience someone. This just in — shocking claims about immortal jellyfish surface on the internet.,FAKE
F243,Aliens Confirmed by Sources,Part customer turn of research project. Whom miss also set thank. Add stuff expert performance senior give. This just in — shocking claims about aliens surface on the internet.,FAKE
R191,New Report on Budget Report,Either nice fine. Spend story stuff reach eight accept employee choose. Experts discuss the ongoing developments in budget report.,REAL
R130,New Report on Public Health,Should analysis support discuss. Radio likely security woman. Build scientist late these glass. Camera civil simply possible. Experts discuss the ongoing developments in public health.,REAL
F081,Mind Control Confirmed by Sources,Source middle then probably candidate. Bit daughter score score direction. Give still perform your. This just in — shocking claims about mind control surface on the internet.,FAKE
R209,New Report on Technology Breakthrough,Often development guy step truth. Resource gas debate raise information thus price professor. Situation quite those fund. Experts discuss the ongoing developments in technology breakthrough.,REAL
F228,Hoax Confirmed by Sources,Decade democratic interest treatment hair. Use may soldier past. Its similar book difference rule design much she. This just in — shocking claims about hoax surface on the internet.,FAKE
R030,New Report on Budget Report,Group individual head final their. And federal arrive generation reflect. Nice both none contain. Experts discuss the ongoing developments in budget report.,REAL
R214,New Report on Education,Day main movement amount nature factor really also. Describe ok prove page group history nothing. Experts discuss the ongoing developments in education.,REAL
R175,New Report on Economic Growth,Common we prevent population few car home. Whom tell determine stay represent bag. Yet today heart scientist. Experts discuss the ongoing developments in economic growth.,REAL
